Invoice_ID,Date,Base_Amount,GST_Amount,Total_Amount,Merchant_ID,should_match,exception_type,expected_match_confidence
INV_0001,2026-08-02,15298.24,2753.68,18051.92,MERCHANT_007,True,none,1.0
INV_0002,2026-08-11,46457.42,8362.34,54819.76,MERCHANT_009,True,timing_difference,0.9
INV_0003,2026-08-07,29198.64,5255.76,34454.4,MERCHANT_007,True,none,1.0
INV_0004,2026-08-17,92929.64,16727.34,109656.98,MERCHANT_009,True,none,1.0
INV_0005,2026-08-12,45973.25,8275.18,54248.43,MERCHANT_006,True,none,1.0
INV_0006,2026-08-04,73376.65,13207.8,86584.45,MERCHANT_005,True,none,1.0
INV_0007,2026-08-14,35987.38,6477.73,42465.11,MERCHANT_005,True,none,1.0
INV_0008,2026-08-07,44942.4,8089.63,53032.03,MERCHANT_007,True,none,1.0
INV_0009,2026-08-20,59065.0,10631.7,69696.7,MERCHANT_007,True,none,1.0
INV_0010,2026-08-10,32256.8,5806.22,38063.02,MERCHANT_007,True,timing_difference,0.9
INV_0011,2026-08-15,69184.59,12453.23,81637.82,MERCHANT_009,False,amount_mismatch,0.85
INV_0012,2026-08-06,67590.82,12166.35,79757.17,MERCHANT_005,False,amount_mismatch,0.85
INV_0013,2026-08-08,68915.59,12404.81,81320.4,MERCHANT_004,True,none,1.0
INV_0014,2026-08-05,7320.41,1317.67,8638.08,MERCHANT_004,True,none,1.0
INV_0015,2026-08-20,85725.08,15430.51,101155.59,MERCHANT_002,False,duplicate,0.0
INV_0015,2026-08-20,85725.08,15430.51,101155.59,MERCHANT_002,False,duplicate,0.0
INV_0016,2026-08-14,89183.01,16052.94,105235.95,MERCHANT_010,True,none,1.0
INV_0017,2026-08-13,51965.83,9353.85,61319.68,MERCHANT_004,True,timing_difference,0.9
INV_0018,2026-08-14,25789.91,4642.18,30432.09,MERCHANT_009,True,none,1.0
INV_0019,2026-08-02,57953.55,10431.64,68385.19,MERCHANT_002,True,none,1.0
INV_0020,2026-08-05,81134.58,14604.22,95738.8,MERCHANT_009,True,none,1.0
INV_0021,2026-08-15,63201.97,11376.35,74578.32,MERCHANT_009,False,missing_settlement,0.0
INV_0022,2026-08-18,47361.79,8525.12,55886.91,MERCHANT_003,True,none,1.0
INV_0023,2026-08-15,29623.2,5332.18,34955.38,MERCHANT_004,True,none,1.0
INV_0024,2026-08-17,51036.72,9186.61,60223.33,MERCHANT_004,False,amount_mismatch,0.85
INV_0025,2026-08-10,27276.89,4909.84,32186.73,MERCHANT_006,True,none,1.0
INV_0026,2026-08-18,12654.88,2277.88,14932.76,MERCHANT_003,False,missing_payment,0.0
INV_0027,2026-08-13,70925.23,12766.54,83691.77,MERCHANT_004,True,none,1.0
INV_0028,2026-08-14,43721.94,7869.95,51591.89,MERCHANT_009,True,none,1.0
INV_0029,2026-08-14,10915.24,1964.74,12879.98,MERCHANT_007,True,none,1.0
INV_0030,2026-08-19,94875.89,17077.66,111953.55,MERCHANT_001,True,none,1.0
INV_0031,2026-08-16,5560.13,1000.82,6560.95,MERCHANT_006,True,none,1.0
INV_0032,2026-08-13,86077.56,15493.96,101571.52,MERCHANT_007,True,none,1.0
INV_0033,2026-08-16,25845.06,4652.11,30497.17,MERCHANT_007,True,none,1.0
INV_0034,2026-08-01,41941.43,7549.46,49490.89,MERCHANT_007,True,none,1.0
INV_0035,2026-08-15,92356.45,16624.16,108980.61,MERCHANT_010,True,none,1.0
INV_0036,2026-08-13,61229.81,11021.37,72251.18,MERCHANT_001,True,none,1.0
INV_0037,2026-08-21,45718.21,8229.28,53947.49,MERCHANT_008,False,missing_settlement,0.0
INV_0038,2026-08-02,29714.85,5348.67,35063.52,MERCHANT_006,True,none,1.0
INV_0039,2026-08-15,36050.35,6489.06,42539.41,MERCHANT_007,True,none,1.0
INV_0040,2026-08-14,28965.8,5213.84,34179.64,MERCHANT_002,True,none,1.0
INV_0041,2026-08-01,76157.3,13708.31,89865.61,MERCHANT_001,True,timing_difference,0.9
INV_0042,2026-08-03,79217.14,14259.09,93476.23,MERCHANT_001,True,none,1.0
INV_0043,2026-08-08,23939.26,4309.07,28248.33,MERCHANT_001,True,none,1.0
INV_0044,2026-08-08,16990.99,3058.38,20049.37,MERCHANT_002,True,none,1.0
INV_0045,2026-08-15,71449.17,12860.85,84310.02,MERCHANT_006,False,amount_mismatch,0.85
INV_0046,2026-08-04,78890.23,14200.24,93090.47,MERCHANT_003,True,none,1.0
INV_0047,2026-08-04,59975.05,10795.51,70770.56,MERCHANT_005,True,none,1.0
INV_0048,2026-08-13,94439.71,16999.15,111438.86,MERCHANT_004,True,timing_difference,0.9
INV_0049,2026-08-21,28070.69,5052.72,33123.41,MERCHANT_005,True,none,1.0
INV_0050,2026-08-19,79350.36,14283.06,93633.42,MERCHANT_006,True,none,1.0
INV_0051,2026-08-12,11550.89,2079.16,13630.05,MERCHANT_006,True,none,1.0
INV_0052,2026-08-14,83121.44,14961.86,98083.3,MERCHANT_002,True,none,1.0
INV_0053,2026-08-12,65380.59,11768.51,77149.1,MERCHANT_008,False,missing_settlement,0.0
INV_0054,2026-08-14,21733.01,3911.94,25644.95,MERCHANT_009,True,none,1.0
INV_0055,2026-08-20,81778.93,14720.21,96499.14,MERCHANT_009,True,none,1.0
INV_0056,2026-08-15,46379.58,8348.32,54727.9,MERCHANT_010,True,none,1.0
INV_0057,2026-08-11,85912.75,15464.3,101377.05,MERCHANT_002,True,none,1.0
INV_0058,2026-08-15,28167.03,5070.07,33237.1,MERCHANT_008,True,none,1.0
INV_0059,2026-08-11,7726.5,1390.77,9117.27,MERCHANT_006,True,none,1.0
INV_0060,2026-08-16,25151.39,4527.25,29678.64,MERCHANT_005,True,timing_difference,0.9
INV_0061,2026-08-09,57800.15,10404.03,68204.18,MERCHANT_009,True,none,1.0
INV_0062,2026-08-03,27928.82,5027.19,32956.01,MERCHANT_007,True,timing_difference,0.9
INV_0063,2026-08-16,66360.78,11944.94,78305.72,MERCHANT_008,True,none,1.0
INV_0064,2026-08-01,13840.07,2491.21,16331.28,MERCHANT_004,True,none,1.0
INV_0065,2026-08-08,34089.57,6136.12,40225.69,MERCHANT_010,True,none,1.0
INV_0066,2026-08-16,57579.93,10364.39,67944.32,MERCHANT_006,True,none,1.0
INV_0067,2026-08-18,36425.17,6556.53,42981.7,MERCHANT_008,True,none,1.0
INV_0068,2026-08-10,28883.35,5199.0,34082.35,MERCHANT_002,True,none,1.0
INV_0069,2026-08-11,16357.7,2944.39,19302.09,MERCHANT_009,True,timing_difference,0.9
INV_0070,2026-08-16,31267.46,5628.14,36895.6,MERCHANT_010,False,missing_payment,0.0
INV_0071,2026-08-04,84099.69,15137.94,99237.63,MERCHANT_005,True,none,1.0
INV_0072,2026-08-12,22046.95,3968.45,26015.4,MERCHANT_001,False,duplicate,0.0
INV_0072,2026-08-12,22046.95,3968.45,26015.4,MERCHANT_001,False,duplicate,0.0
INV_0073,2026-08-09,9323.99,1678.32,11002.31,MERCHANT_001,True,none,1.0
INV_0074,2026-08-05,65597.62,11807.57,77405.19,MERCHANT_008,True,timing_difference,0.9
INV_0075,2026-08-10,49592.71,8926.69,58519.4,MERCHANT_008,False,amount_mismatch,0.85
INV_0076,2026-08-02,28985.45,5217.38,34202.83,MERCHANT_008,False,amount_mismatch,0.85
INV_0077,2026-08-13,51715.92,9308.87,61024.79,MERCHANT_010,True,none,1.0
INV_0078,2026-08-05,19173.77,3451.28,22625.05,MERCHANT_010,True,timing_difference,0.9
INV_0079,2026-08-04,58016.94,10443.05,68459.99,MERCHANT_007,True,none,1.0
INV_0080,2026-08-17,41135.91,7404.46,48540.37,MERCHANT_008,True,none,1.0
INV_0081,2026-08-19,99052.97,17829.53,116882.5,MERCHANT_005,True,none,1.0
INV_0082,2026-08-20,96210.33,17317.86,113528.19,MERCHANT_002,True,none,1.0
INV_0083,2026-08-21,25047.39,4508.53,29555.92,MERCHANT_002,False,missing_settlement,0.0
INV_0084,2026-08-08,21512.29,3872.21,25384.5,MERCHANT_002,True,none,1.0
INV_0085,2026-08-01,43809.17,7885.65,51694.82,MERCHANT_010,False,amount_mismatch,0.85
INV_0086,2026-08-08,32369.96,5826.59,38196.55,MERCHANT_005,False,missing_settlement,0.0
INV_0087,2026-08-03,70301.57,12654.28,82955.85,MERCHANT_005,True,timing_difference,0.9
INV_0088,2026-08-18,26356.9,4744.24,31101.14,MERCHANT_003,True,none,1.0
INV_0089,2026-08-05,11783.93,2121.11,13905.04,MERCHANT_003,False,missing_settlement,0.0
INV_0090,2026-08-20,76150.98,13707.18,89858.16,MERCHANT_010,True,none,1.0
INV_0091,2026-08-15,16813.6,3026.45,19840.05,MERCHANT_005,True,none,1.0
INV_0092,2026-08-09,52544.86,9458.07,62002.93,MERCHANT_008,True,none,1.0
INV_0093,2026-08-03,61813.48,11126.43,72939.91,MERCHANT_007,True,none,1.0
INV_0094,2026-08-20,28784.95,5181.29,33966.24,MERCHANT_002,True,none,1.0
INV_0095,2026-08-19,60776.68,10939.8,71716.48,MERCHANT_001,True,none,1.0
INV_0096,2026-08-19,8822.01,1587.96,10409.97,MERCHANT_003,True,none,1.0
INV_0097,2026-08-17,66893.4,12040.81,78934.21,MERCHANT_005,True,none,1.0
INV_0098,2026-08-19,46409.07,8353.63,54762.7,MERCHANT_008,False,amount_mismatch,0.85
INV_0099,2026-08-14,36664.3,6599.57,43263.87,MERCHANT_002,False,amount_mismatch,0.85
INV_0100,2026-08-16,32380.69,5828.52,38209.21,MERCHANT_007,True,none,1.0
INV_0101,2026-08-15,13365.68,2405.82,15771.5,MERCHANT_005,True,none,1.0
INV_0102,2026-08-04,97167.55,17490.16,114657.71,MERCHANT_007,True,timing_difference,0.9
INV_0103,2026-08-14,10149.39,1826.89,11976.28,MERCHANT_009,True,none,1.0
INV_0104,2026-08-20,76862.1,13835.18,90697.28,MERCHANT_008,True,timing_difference,0.9
INV_0105,2026-08-18,17446.26,3140.33,20586.59,MERCHANT_005,True,none,1.0
INV_0106,2026-08-16,16535.48,2976.39,19511.87,MERCHANT_010,True,none,1.0
INV_0107,2026-08-06,34521.26,6213.83,40735.09,MERCHANT_001,True,none,1.0
INV_0108,2026-08-03,26346.56,4742.38,31088.94,MERCHANT_002,False,amount_mismatch,0.85
INV_0109,2026-08-21,84053.6,15129.65,99183.25,MERCHANT_008,True,none,1.0
INV_0110,2026-08-17,72014.1,12962.54,84976.64,MERCHANT_007,True,none,1.0
INV_0111,2026-08-16,28154.44,5067.8,33222.24,MERCHANT_009,True,none,1.0
INV_0112,2026-08-13,23107.99,4159.44,27267.43,MERCHANT_010,False,amount_mismatch,0.85
INV_0113,2026-08-09,78404.14,14112.75,92516.89,MERCHANT_007,True,none,1.0
INV_0114,2026-08-17,30381.4,5468.65,35850.05,MERCHANT_001,True,none,1.0
INV_0115,2026-08-10,84560.21,15220.84,99781.05,MERCHANT_010,True,timing_difference,0.9
INV_0116,2026-08-18,-51012.43,-9182.24,-60194.67,MERCHANT_006,True,refund,0.95
INV_0117,2026-08-15,93620.96,16851.77,110472.73,MERCHANT_004,False,missing_settlement,0.0
INV_0118,2026-08-19,41382.23,7448.8,48831.03,MERCHANT_007,True,none,1.0
INV_0119,2026-08-11,75746.99,13634.46,89381.45,MERCHANT_007,True,none,1.0
INV_0120,2026-08-21,98177.72,17671.99,115849.71,MERCHANT_008,True,none,1.0
INV_0121,2026-08-05,52717.66,9489.18,62206.84,MERCHANT_010,True,none,1.0
INV_0122,2026-08-04,88048.09,15848.66,103896.75,MERCHANT_008,True,none,1.0
INV_0123,2026-08-17,-91491.96,-16468.55,-107960.51,MERCHANT_001,True,refund,0.95
INV_0124,2026-08-14,87738.63,15792.95,103531.58,MERCHANT_003,True,none,1.0
INV_0125,2026-08-16,79244.9,14264.08,93508.98,MERCHANT_005,True,none,1.0
INV_0126,2026-08-20,70806.94,12745.25,83552.19,MERCHANT_002,False,amount_mismatch,0.85
INV_0127,2026-08-18,41100.89,7398.16,48499.05,MERCHANT_006,True,none,1.0
INV_0128,2026-08-18,8410.41,1513.87,9924.28,MERCHANT_002,True,none,1.0
INV_0129,2026-08-21,70017.96,12603.23,82621.19,MERCHANT_005,True,none,1.0
INV_0130,2026-08-03,46227.29,8320.91,54548.2,MERCHANT_002,True,none,1.0
INV_0131,2026-08-15,20804.65,3744.84,24549.49,MERCHANT_005,True,none,1.0
INV_0132,2026-08-02,35815.59,6446.81,42262.4,MERCHANT_001,True,none,1.0
INV_0133,2026-08-12,40609.9,7309.78,47919.68,MERCHANT_003,True,none,1.0
INV_0134,2026-08-17,-44144.92,-7946.09,-52091.01,MERCHANT_003,True,refund,0.95
INV_0135,2026-08-06,12501.99,2250.36,14752.35,MERCHANT_007,True,none,1.0
INV_0136,2026-08-16,91718.76,16509.38,108228.14,MERCHANT_003,True,none,1.0
INV_0137,2026-08-15,65600.94,11808.17,77409.11,MERCHANT_008,True,none,1.0
INV_0138,2026-08-01,90396.31,16271.34,106667.65,MERCHANT_008,True,none,1.0
INV_0139,2026-08-18,20007.68,3601.38,23609.06,MERCHANT_008,True,timing_difference,0.9
INV_0140,2026-08-21,96392.76,17350.7,113743.46,MERCHANT_005,False,duplicate,0.0
INV_0140,2026-08-21,96392.76,17350.7,113743.46,MERCHANT_005,False,duplicate,0.0
INV_0141,2026-08-10,23925.61,4306.61,28232.22,MERCHANT_007,True,none,1.0
INV_0142,2026-08-04,27534.54,4956.22,32490.76,MERCHANT_010,False,missing_settlement,0.0
INV_0143,2026-08-19,33107.88,5959.42,39067.3,MERCHANT_005,True,none,1.0
INV_0144,2026-08-13,31075.64,5593.62,36669.26,MERCHANT_010,True,none,1.0
INV_0145,2026-08-20,75791.35,13642.44,89433.79,MERCHANT_005,True,none,1.0
INV_0146,2026-08-20,81183.54,14613.04,95796.58,MERCHANT_004,True,none,1.0
INV_0147,2026-08-20,28809.55,5185.72,33995.27,MERCHANT_003,False,amount_mismatch,0.85
INV_0148,2026-08-21,8745.14,1574.13,10319.27,MERCHANT_008,True,none,1.0
INV_0149,2026-08-19,39661.82,7139.13,46800.95,MERCHANT_003,True,none,1.0
INV_0150,2026-08-10,36038.32,6486.9,42525.22,MERCHANT_007,False,duplicate,0.0
INV_0150,2026-08-10,36038.32,6486.9,42525.22,MERCHANT_007,False,duplicate,0.0
INV_0151,2026-08-07,17555.18,3159.93,20715.11,MERCHANT_009,True,none,1.0
INV_0152,2026-08-17,52670.5,9480.69,62151.19,MERCHANT_005,True,none,1.0
INV_0153,2026-08-09,91834.65,16530.24,108364.89,MERCHANT_008,False,missing_settlement,0.0
INV_0154,2026-08-11,81402.09,14652.38,96054.47,MERCHANT_008,True,none,1.0
INV_0155,2026-08-05,76644.39,13795.99,90440.38,MERCHANT_004,True,timing_difference,0.9
INV_0156,2026-08-03,80114.79,14420.66,94535.45,MERCHANT_001,False,duplicate,0.0
INV_0156,2026-08-03,80114.79,14420.66,94535.45,MERCHANT_001,False,duplicate,0.0
INV_0157,2026-08-18,16740.93,3013.37,19754.3,MERCHANT_006,True,none,1.0
INV_0158,2026-08-19,41197.42,7415.54,48612.96,MERCHANT_006,True,none,1.0
INV_0159,2026-08-08,49790.3,8962.25,58752.55,MERCHANT_010,False,missing_settlement,0.0
INV_0160,2026-08-20,26029.88,4685.38,30715.26,MERCHANT_002,True,none,1.0
INV_0161,2026-08-10,66677.75,12001.99,78679.74,MERCHANT_002,True,none,1.0
INV_0162,2026-08-02,94894.85,17081.07,111975.92,MERCHANT_005,True,none,1.0
INV_0163,2026-08-04,14233.24,2561.98,16795.22,MERCHANT_009,True,none,1.0
INV_0164,2026-08-13,48096.16,8657.31,56753.47,MERCHANT_009,True,none,1.0
INV_0165,2026-08-19,75515.56,13592.8,89108.36,MERCHANT_003,True,timing_difference,0.9
INV_0166,2026-08-20,43771.01,7878.78,51649.79,MERCHANT_005,True,none,1.0
INV_0167,2026-08-12,25640.62,4615.31,30255.93,MERCHANT_008,True,none,1.0
INV_0168,2026-08-12,14438.69,2598.96,17037.65,MERCHANT_006,True,none,1.0
INV_0169,2026-08-02,42823.27,7708.19,50531.46,MERCHANT_004,False,amount_mismatch,0.85
INV_0170,2026-08-15,13708.98,2467.62,16176.6,MERCHANT_004,False,amount_mismatch,0.85
INV_0171,2026-08-11,28139.05,5065.03,33204.08,MERCHANT_003,True,none,1.0
INV_0172,2026-08-03,83832.69,15089.88,98922.57,MERCHANT_009,True,none,1.0
INV_0173,2026-08-19,25515.38,4592.77,30108.15,MERCHANT_004,False,amount_mismatch,0.85
INV_0174,2026-08-20,5269.38,948.49,6217.87,MERCHANT_003,True,none,1.0
INV_0175,2026-08-18,28812.15,5186.19,33998.34,MERCHANT_003,True,none,1.0
INV_0176,2026-08-01,17521.31,3153.84,20675.15,MERCHANT_006,True,none,1.0
INV_0177,2026-08-19,35758.29,6436.49,42194.78,MERCHANT_003,True,none,1.0
INV_0178,2026-08-02,17042.06,3067.57,20109.63,MERCHANT_007,True,none,1.0
INV_0179,2026-08-03,50243.37,9043.81,59287.18,MERCHANT_006,False,amount_mismatch,0.85
INV_0180,2026-08-08,94814.49,17066.61,111881.1,MERCHANT_001,False,missing_payment,0.0
INV_0181,2026-08-15,66117.36,11901.12,78018.48,MERCHANT_001,True,none,1.0
INV_0182,2026-08-16,85493.36,15388.8,100882.16,MERCHANT_007,True,none,1.0
INV_0183,2026-08-16,72678.12,13082.06,85760.18,MERCHANT_008,True,none,1.0
INV_0184,2026-08-03,35600.62,6408.11,42008.73,MERCHANT_003,False,duplicate,0.0
INV_0184,2026-08-03,35600.62,6408.11,42008.73,MERCHANT_003,False,duplicate,0.0
INV_0185,2026-08-05,31126.52,5602.77,36729.29,MERCHANT_010,False,amount_mismatch,0.85
INV_0186,2026-08-20,55402.9,9972.52,65375.42,MERCHANT_008,True,none,1.0
INV_0187,2026-08-04,80344.13,14461.94,94806.07,MERCHANT_002,True,none,1.0
INV_0188,2026-08-14,47897.72,8621.59,56519.31,MERCHANT_004,False,duplicate,0.0
INV_0188,2026-08-14,47897.72,8621.59,56519.31,MERCHANT_004,False,duplicate,0.0
INV_0189,2026-08-11,83604.83,15048.87,98653.7,MERCHANT_007,True,none,1.0
INV_0190,2026-08-04,34692.09,6244.58,40936.67,MERCHANT_006,True,none,1.0
INV_0191,2026-08-12,95591.29,17206.43,112797.72,MERCHANT_008,True,timing_difference,0.9
INV_0192,2026-08-03,46028.27,8285.09,54313.36,MERCHANT_006,True,none,1.0
INV_0193,2026-08-18,10698.19,1925.67,12623.86,MERCHANT_009,True,none,1.0
INV_0194,2026-08-04,44026.82,7924.83,51951.65,MERCHANT_007,False,missing_payment,0.0
INV_0195,2026-08-10,62038.96,11167.01,73205.97,MERCHANT_006,True,none,1.0
INV_0196,2026-08-19,53204.19,9576.75,62780.94,MERCHANT_003,True,none,1.0
INV_0197,2026-08-08,85491.11,15388.4,100879.51,MERCHANT_006,True,none,1.0
INV_0198,2026-08-04,77447.54,13940.56,91388.1,MERCHANT_010,True,none,1.0
INV_0199,2026-08-14,85289.74,15352.15,100641.89,MERCHANT_010,True,none,1.0
INV_0200,2026-08-20,93263.01,16787.34,110050.35,MERCHANT_005,False,amount_mismatch,0.85
INV_0201,2026-08-10,92546.06,16658.29,109204.35,MERCHANT_006,True,none,1.0
INV_0202,2026-08-06,87636.96,15774.65,103411.61,MERCHANT_010,True,none,1.0
INV_0203,2026-08-03,18478.09,3326.06,21804.15,MERCHANT_001,True,timing_difference,0.9
INV_0204,2026-08-13,-44884.09,-8079.14,-52963.23,MERCHANT_006,True,refund,0.95
INV_0205,2026-08-12,34605.55,6229.0,40834.55,MERCHANT_006,True,none,1.0
INV_0206,2026-08-02,-19780.09,-3560.42,-23340.51,MERCHANT_010,True,refund,0.95
INV_0207,2026-08-03,30849.77,5552.96,36402.73,MERCHANT_007,True,none,1.0
INV_0208,2026-08-20,46994.2,8458.96,55453.16,MERCHANT_005,True,none,1.0
INV_0209,2026-08-17,15812.66,2846.28,18658.94,MERCHANT_007,True,none,1.0
INV_0210,2026-08-10,69430.7,12497.53,81928.23,MERCHANT_010,True,none,1.0
INV_0211,2026-08-17,68377.59,12307.97,80685.56,MERCHANT_001,True,timing_difference,0.9
INV_0212,2026-08-02,5730.27,1031.45,6761.72,MERCHANT_005,False,amount_mismatch,0.85
INV_0213,2026-08-09,32497.48,5849.55,38347.03,MERCHANT_002,False,missing_settlement,0.0
INV_0214,2026-08-16,75966.34,13673.94,89640.28,MERCHANT_003,True,none,1.0
INV_0215,2026-08-13,-55595.32,-10007.16,-65602.48,MERCHANT_004,True,refund,0.95
INV_0216,2026-08-03,42721.76,7689.92,50411.68,MERCHANT_001,True,timing_difference,0.9
INV_0217,2026-08-03,86900.45,15642.08,102542.53,MERCHANT_010,True,none,1.0
INV_0218,2026-08-19,43420.17,7815.63,51235.8,MERCHANT_007,False,missing_settlement,0.0
INV_0219,2026-08-04,43478.07,7826.05,51304.12,MERCHANT_006,False,missing_settlement,0.0
INV_0220,2026-08-20,48709.21,8767.66,57476.87,MERCHANT_006,True,none,1.0
INV_0221,2026-08-14,85226.01,15340.68,100566.69,MERCHANT_004,True,none,1.0
INV_0222,2026-08-19,43042.73,7747.69,50790.42,MERCHANT_002,False,duplicate,0.0
INV_0222,2026-08-19,43042.73,7747.69,50790.42,MERCHANT_002,False,duplicate,0.0
INV_0223,2026-08-10,75851.46,13653.26,89504.72,MERCHANT_004,True,none,1.0
INV_0224,2026-08-06,12256.04,2206.09,14462.13,MERCHANT_002,True,timing_difference,0.9
INV_0225,2026-08-21,82428.52,14837.13,97265.65,MERCHANT_004,True,none,1.0
INV_0226,2026-08-05,-29316.98,-5277.06,-34594.04,MERCHANT_003,True,refund,0.95
INV_0227,2026-08-21,12158.56,2188.54,14347.1,MERCHANT_008,True,none,1.0
INV_0228,2026-08-19,77188.33,13893.9,91082.23,MERCHANT_008,True,none,1.0
INV_0229,2026-08-21,35033.19,6305.97,41339.16,MERCHANT_008,True,none,1.0
INV_0230,2026-08-16,47009.77,8461.76,55471.53,MERCHANT_005,False,missing_payment,0.0
INV_0231,2026-08-19,10336.35,1860.54,12196.89,MERCHANT_009,False,duplicate,0.0
INV_0231,2026-08-19,10336.35,1860.54,12196.89,MERCHANT_009,False,duplicate,0.0
INV_0232,2026-08-10,48865.54,8795.8,57661.34,MERCHANT_001,False,amount_mismatch,0.85
INV_0233,2026-08-10,12289.45,2212.1,14501.55,MERCHANT_002,True,none,1.0
INV_0234,2026-08-15,60131.29,10823.63,70954.92,MERCHANT_001,False,amount_mismatch,0.85
INV_0235,2026-08-19,66924.56,12046.42,78970.98,MERCHANT_006,True,none,1.0
INV_0236,2026-08-17,19331.8,3479.72,22811.52,MERCHANT_001,True,timing_difference,0.9
INV_0237,2026-08-03,52932.16,9527.79,62459.95,MERCHANT_003,True,none,1.0
INV_0238,2026-08-08,72224.06,13000.33,85224.39,MERCHANT_008,False,missing_payment,0.0
INV_0239,2026-08-12,40420.94,7275.77,47696.71,MERCHANT_005,True,none,1.0
INV_0240,2026-08-14,78574.15,14143.35,92717.5,MERCHANT_010,True,none,1.0
INV_0241,2026-08-21,66494.01,11968.92,78462.93,MERCHANT_002,False,amount_mismatch,0.85
INV_0242,2026-08-13,31993.96,5758.91,37752.87,MERCHANT_010,True,none,1.0
INV_0243,2026-08-11,12742.69,2293.68,15036.37,MERCHANT_003,True,none,1.0
INV_0244,2026-08-10,96931.17,17447.61,114378.78,MERCHANT_007,True,none,1.0
INV_0245,2026-08-20,72339.23,13021.06,85360.29,MERCHANT_002,True,none,1.0
INV_0246,2026-08-18,40784.53,7341.22,48125.75,MERCHANT_006,True,none,1.0
INV_0247,2026-08-17,13878.03,2498.05,16376.08,MERCHANT_007,True,none,1.0
INV_0248,2026-08-01,39446.78,7100.42,46547.2,MERCHANT_003,False,duplicate,0.0
INV_0248,2026-08-01,39446.78,7100.42,46547.2,MERCHANT_003,False,duplicate,0.0
INV_0249,2026-08-11,95028.49,17105.13,112133.62,MERCHANT_008,True,none,1.0
INV_0250,2026-08-08,99997.78,17999.6,117997.38,MERCHANT_003,True,none,1.0
INV_0251,2026-08-10,85220.7,15339.73,100560.43,MERCHANT_002,True,none,1.0
INV_0252,2026-08-11,88257.31,15886.32,104143.63,MERCHANT_010,False,amount_mismatch,0.85
INV_0253,2026-08-05,-20413.49,-3674.43,-24087.92,MERCHANT_010,True,refund,0.95
INV_0254,2026-08-15,-9150.78,-1647.14,-10797.92,MERCHANT_006,True,refund,0.95
INV_0255,2026-08-15,63006.57,11341.18,74347.75,MERCHANT_008,False,missing_payment,0.0
INV_0256,2026-08-18,27721.01,4989.78,32710.79,MERCHANT_008,True,none,1.0
INV_0257,2026-08-12,69439.15,12499.05,81938.2,MERCHANT_010,True,none,1.0
INV_0258,2026-08-15,78096.66,14057.4,92154.06,MERCHANT_007,False,missing_settlement,0.0
INV_0259,2026-08-06,82604.67,14868.84,97473.51,MERCHANT_010,True,none,1.0
INV_0260,2026-08-09,9957.08,1792.27,11749.35,MERCHANT_008,True,none,1.0
INV_0261,2026-08-18,93757.89,16876.42,110634.31,MERCHANT_009,True,none,1.0
INV_0262,2026-08-10,12968.14,2334.27,15302.41,MERCHANT_003,True,timing_difference,0.9
INV_0263,2026-08-05,83949.44,15110.9,99060.34,MERCHANT_002,True,none,1.0
INV_0264,2026-08-15,89039.83,16027.17,105067.0,MERCHANT_001,True,none,1.0
INV_0265,2026-08-02,42663.13,7679.36,50342.49,MERCHANT_006,True,none,1.0
INV_0266,2026-08-13,99479.91,17906.38,117386.29,MERCHANT_006,False,amount_mismatch,0.85
INV_0267,2026-08-04,84721.75,15249.91,99971.66,MERCHANT_006,False,missing_payment,0.0
INV_0268,2026-08-05,8638.8,1554.98,10193.78,MERCHANT_008,True,timing_difference,0.9
INV_0269,2026-08-20,5498.86,989.79,6488.65,MERCHANT_002,True,timing_difference,0.9
INV_0270,2026-08-05,57136.4,10284.55,67420.95,MERCHANT_010,True,none,1.0
INV_0271,2026-08-04,78736.4,14172.55,92908.95,MERCHANT_004,True,none,1.0
INV_0272,2026-08-04,9536.2,1716.52,11252.72,MERCHANT_007,True,timing_difference,0.9
INV_0273,2026-08-16,61690.21,11104.24,72794.45,MERCHANT_001,True,none,1.0
INV_0274,2026-08-05,32670.84,5880.75,38551.59,MERCHANT_001,True,timing_difference,0.9
INV_0275,2026-08-14,22794.82,4103.07,26897.89,MERCHANT_002,True,none,1.0
INV_0276,2026-08-03,95573.35,17203.2,112776.55,MERCHANT_009,True,none,1.0
INV_0277,2026-08-13,87966.49,15833.97,103800.46,MERCHANT_001,True,none,1.0
INV_0278,2026-08-12,29096.77,5237.42,34334.19,MERCHANT_001,True,none,1.0
INV_0279,2026-08-03,37756.24,6796.12,44552.36,MERCHANT_002,True,none,1.0
INV_0280,2026-08-05,9211.89,1658.14,10870.03,MERCHANT_009,True,timing_difference,0.9
INV_0281,2026-08-15,98177.82,17672.01,115849.83,MERCHANT_008,True,none,1.0
INV_0282,2026-08-05,10994.55,1979.02,12973.57,MERCHANT_008,True,none,1.0
INV_0283,2026-08-10,24151.14,4347.21,28498.35,MERCHANT_004,True,none,1.0
INV_0284,2026-08-11,93670.24,16860.64,110530.88,MERCHANT_009,True,timing_difference,0.9
INV_0285,2026-08-09,8478.97,1526.21,10005.18,MERCHANT_004,True,timing_difference,0.9
INV_0286,2026-08-21,36532.85,6575.91,43108.76,MERCHANT_002,True,timing_difference,0.9
INV_0287,2026-08-15,89990.56,16198.3,106188.86,MERCHANT_007,True,timing_difference,0.9
INV_0288,2026-08-16,39897.96,7181.63,47079.59,MERCHANT_009,True,none,1.0
INV_0289,2026-08-03,74072.73,13333.09,87405.82,MERCHANT_002,True,none,1.0
INV_0290,2026-08-20,99534.33,17916.18,117450.51,MERCHANT_003,True,none,1.0
INV_0291,2026-08-11,14746.8,2654.42,17401.22,MERCHANT_006,True,none,1.0
INV_0292,2026-08-10,47362.0,8525.16,55887.16,MERCHANT_007,True,none,1.0
INV_0293,2026-08-15,38396.96,6911.45,45308.41,MERCHANT_001,True,none,1.0
INV_0294,2026-08-20,99824.31,17968.38,117792.69,MERCHANT_005,False,amount_mismatch,0.85
INV_0295,2026-08-21,43589.97,7846.19,51436.16,MERCHANT_009,True,none,1.0
INV_0296,2026-08-01,18564.05,3341.53,21905.58,MERCHANT_010,True,none,1.0
INV_0297,2026-08-02,16991.85,3058.53,20050.38,MERCHANT_004,False,amount_mismatch,0.85
INV_0298,2026-08-19,8076.61,1453.79,9530.4,MERCHANT_003,True,timing_difference,0.9
INV_0299,2026-08-15,77493.02,13948.74,91441.76,MERCHANT_010,True,none,1.0
INV_0300,2026-08-17,39860.25,7174.84,47035.09,MERCHANT_006,True,none,1.0
INV_0301,2026-08-08,96249.4,17324.89,113574.29,MERCHANT_001,True,none,1.0
INV_0302,2026-08-16,54185.8,9753.44,63939.24,MERCHANT_009,True,none,1.0
INV_0303,2026-08-09,78621.63,14151.89,92773.52,MERCHANT_008,True,timing_difference,0.9
INV_0304,2026-08-16,24016.94,4323.05,28339.99,MERCHANT_003,True,timing_difference,0.9
INV_0305,2026-08-15,99739.93,17953.19,117693.12,MERCHANT_006,True,none,1.0
INV_0306,2026-08-03,57249.73,10304.95,67554.68,MERCHANT_005,True,none,1.0
INV_0307,2026-08-06,72621.86,13071.93,85693.79,MERCHANT_003,True,none,1.0
INV_0308,2026-08-17,26302.95,4734.53,31037.48,MERCHANT_004,True,none,1.0
INV_0309,2026-08-08,80085.44,14415.38,94500.82,MERCHANT_001,True,none,1.0
INV_0310,2026-08-18,59366.35,10685.94,70052.29,MERCHANT_008,True,none,1.0
INV_0311,2026-08-20,89003.41,16020.61,105024.02,MERCHANT_002,True,none,1.0
INV_0312,2026-08-13,99961.53,17993.08,117954.61,MERCHANT_008,True,none,1.0
INV_0313,2026-08-14,83217.24,14979.1,98196.34,MERCHANT_002,True,none,1.0
INV_0314,2026-08-11,66022.17,11883.99,77906.16,MERCHANT_008,True,timing_difference,0.9
INV_0315,2026-08-05,88406.21,15913.12,104319.33,MERCHANT_009,False,duplicate,0.0
INV_0315,2026-08-05,88406.21,15913.12,104319.33,MERCHANT_009,False,duplicate,0.0
INV_0316,2026-08-05,46098.74,8297.77,54396.51,MERCHANT_001,False,amount_mismatch,0.85
INV_0317,2026-08-10,20642.42,3715.64,24358.06,MERCHANT_006,True,none,1.0
INV_0318,2026-08-12,95010.9,17101.96,112112.86,MERCHANT_009,True,none,1.0
INV_0319,2026-08-03,28807.5,5185.35,33992.85,MERCHANT_009,True,none,1.0
INV_0320,2026-08-05,64377.12,11587.88,75965.0,MERCHANT_010,True,none,1.0
INV_0321,2026-08-17,65893.81,11860.89,77754.7,MERCHANT_010,True,none,1.0
INV_0322,2026-08-06,67579.62,12164.33,79743.95,MERCHANT_010,True,none,1.0
INV_0323,2026-08-19,8913.46,1604.42,10517.88,MERCHANT_001,False,missing_settlement,0.0
INV_0324,2026-08-02,95111.95,17120.15,112232.1,MERCHANT_010,True,none,1.0
INV_0325,2026-08-21,25026.8,4504.82,29531.62,MERCHANT_010,False,missing_payment,0.0
INV_0326,2026-08-20,65704.16,11826.75,77530.91,MERCHANT_008,True,none,1.0
INV_0327,2026-08-21,95881.77,17258.72,113140.49,MERCHANT_008,True,none,1.0
INV_0328,2026-08-13,33256.22,5986.12,39242.34,MERCHANT_002,False,missing_settlement,0.0
INV_0329,2026-08-06,-46762.52,-8417.25,-55179.77,MERCHANT_008,True,refund,0.95
INV_0330,2026-08-07,37318.29,6717.29,44035.58,MERCHANT_003,False,missing_payment,0.0
INV_0331,2026-08-11,74748.98,13454.82,88203.8,MERCHANT_006,True,timing_difference,0.9
INV_0332,2026-08-17,58356.87,10504.24,68861.11,MERCHANT_006,False,amount_mismatch,0.85
INV_0333,2026-08-09,47711.62,8588.09,56299.71,MERCHANT_003,False,missing_settlement,0.0
INV_0334,2026-08-02,32570.14,5862.63,38432.77,MERCHANT_007,True,none,1.0
INV_0335,2026-08-08,96455.16,17361.93,113817.09,MERCHANT_003,True,none,1.0
INV_0336,2026-08-19,73507.2,13231.3,86738.5,MERCHANT_004,True,none,1.0
INV_0337,2026-08-16,99617.09,17931.08,117548.17,MERCHANT_008,True,none,1.0
INV_0338,2026-08-10,52250.18,9405.03,61655.21,MERCHANT_002,True,none,1.0
INV_0339,2026-08-17,48436.91,8718.64,57155.55,MERCHANT_004,True,none,1.0
INV_0340,2026-08-19,38525.03,6934.51,45459.54,MERCHANT_001,False,amount_mismatch,0.85
INV_0341,2026-08-21,68889.46,12400.1,81289.56,MERCHANT_005,True,none,1.0
INV_0342,2026-08-04,45938.14,8268.87,54207.01,MERCHANT_005,True,none,1.0
INV_0343,2026-08-13,39764.05,7157.53,46921.58,MERCHANT_007,True,none,1.0
INV_0344,2026-08-19,58372.6,10507.07,68879.67,MERCHANT_006,True,none,1.0
INV_0345,2026-08-03,-41703.14,-7506.57,-49209.71,MERCHANT_008,True,refund,0.95
INV_0346,2026-08-20,69637.87,12534.82,82172.69,MERCHANT_002,False,missing_payment,0.0
INV_0347,2026-08-04,42420.85,7635.75,50056.6,MERCHANT_006,False,missing_settlement,0.0
INV_0348,2026-08-05,23910.5,4303.89,28214.39,MERCHANT_009,True,none,1.0
INV_0349,2026-08-17,8824.22,1588.36,10412.58,MERCHANT_001,True,none,1.0
INV_0350,2026-08-11,81376.76,14647.82,96024.58,MERCHANT_009,True,none,1.0
INV_0351,2026-08-05,62594.75,11267.06,73861.81,MERCHANT_009,True,none,1.0
INV_0352,2026-08-11,93480.03,16826.41,110306.44,MERCHANT_006,True,none,1.0
INV_0353,2026-08-13,99108.5,17839.53,116948.03,MERCHANT_005,True,none,1.0
INV_0354,2026-08-17,83687.49,15063.75,98751.24,MERCHANT_009,True,none,1.0
INV_0355,2026-08-19,33480.1,6026.42,39506.52,MERCHANT_001,False,amount_mismatch,0.85
INV_0356,2026-08-04,98090.31,17656.26,115746.57,MERCHANT_010,False,missing_settlement,0.0
INV_0357,2026-08-21,7531.48,1355.67,8887.15,MERCHANT_008,True,none,1.0
INV_0358,2026-08-21,79375.88,14287.66,93663.54,MERCHANT_010,True,none,1.0
INV_0359,2026-08-02,60434.71,10878.25,71312.96,MERCHANT_003,True,none,1.0
INV_0360,2026-08-05,83057.82,14950.41,98008.23,MERCHANT_004,True,none,1.0
INV_0361,2026-08-19,95079.49,17114.31,112193.8,MERCHANT_002,True,none,1.0
INV_0362,2026-08-01,46898.66,8441.76,55340.42,MERCHANT_007,True,none,1.0
INV_0363,2026-08-14,70597.52,12707.55,83305.07,MERCHANT_007,False,duplicate,0.0
INV_0363,2026-08-14,70597.52,12707.55,83305.07,MERCHANT_007,False,duplicate,0.0
INV_0364,2026-08-02,72048.65,12968.76,85017.41,MERCHANT_009,True,none,1.0
INV_0365,2026-08-18,-35879.71,-6458.35,-42338.06,MERCHANT_008,True,refund,0.95
INV_0366,2026-08-11,95885.12,17259.32,113144.44,MERCHANT_008,False,missing_settlement,0.0
INV_0367,2026-08-18,38657.26,6958.31,45615.57,MERCHANT_005,True,none,1.0
INV_0368,2026-08-07,95947.05,17270.47,113217.52,MERCHANT_005,True,none,1.0
INV_0369,2026-08-08,94441.13,16999.4,111440.53,MERCHANT_005,True,timing_difference,0.9
INV_0370,2026-08-16,35118.87,6321.4,41440.27,MERCHANT_006,True,none,1.0
INV_0371,2026-08-10,16578.04,2984.05,19562.09,MERCHANT_009,True,none,1.0
INV_0372,2026-08-13,82745.86,14894.25,97640.11,MERCHANT_003,True,timing_difference,0.9
INV_0373,2026-08-03,37904.53,6822.82,44727.35,MERCHANT_008,True,timing_difference,0.9
INV_0374,2026-08-07,83655.41,15057.97,98713.38,MERCHANT_005,True,timing_difference,0.9
INV_0375,2026-08-20,75384.64,13569.24,88953.88,MERCHANT_004,True,timing_difference,0.9
INV_0376,2026-08-17,26438.81,4758.99,31197.8,MERCHANT_004,True,none,1.0
INV_0377,2026-08-04,44263.63,7967.45,52231.08,MERCHANT_008,True,none,1.0
INV_0378,2026-08-05,5492.24,988.6,6480.84,MERCHANT_009,True,none,1.0
INV_0379,2026-08-14,67024.82,12064.47,79089.29,MERCHANT_008,True,none,1.0
INV_0380,2026-08-21,23948.32,4310.7,28259.02,MERCHANT_005,True,none,1.0
INV_0381,2026-08-10,66360.3,11944.85,78305.15,MERCHANT_002,True,none,1.0
INV_0382,2026-08-18,-75175.22,-13531.54,-88706.76,MERCHANT_001,True,refund,0.95
INV_0383,2026-08-14,88813.27,15986.39,104799.66,MERCHANT_003,True,none,1.0
INV_0384,2026-08-13,79856.26,14374.13,94230.39,MERCHANT_003,True,none,1.0
INV_0385,2026-08-02,5880.38,1058.47,6938.85,MERCHANT_010,True,none,1.0
INV_0386,2026-08-11,32033.36,5766.0,37799.36,MERCHANT_009,True,timing_difference,0.9
INV_0387,2026-08-15,30919.52,5565.51,36485.03,MERCHANT_002,False,duplicate,0.0
INV_0387,2026-08-15,30919.52,5565.51,36485.03,MERCHANT_002,False,duplicate,0.0
INV_0388,2026-08-06,74456.33,13402.14,87858.47,MERCHANT_005,True,none,1.0
INV_0389,2026-08-01,74978.7,13496.17,88474.87,MERCHANT_005,True,timing_difference,0.9
INV_0390,2026-08-21,-90219.06,-16239.43,-106458.49,MERCHANT_007,True,refund,0.95
INV_0391,2026-08-03,43079.16,7754.25,50833.41,MERCHANT_002,True,none,1.0
INV_0392,2026-08-05,50358.14,9064.47,59422.61,MERCHANT_004,False,missing_payment,0.0
INV_0393,2026-08-09,41439.57,7459.12,48898.69,MERCHANT_008,True,none,1.0
INV_0394,2026-08-11,33684.85,6063.27,39748.12,MERCHANT_010,False,amount_mismatch,0.85
INV_0395,2026-08-12,-70813.02,-12746.34,-83559.36,MERCHANT_001,True,refund,0.95
INV_0396,2026-08-15,34146.6,6146.39,40292.99,MERCHANT_007,False,missing_settlement,0.0
INV_0397,2026-08-04,65677.58,11821.96,77499.54,MERCHANT_005,True,none,1.0
INV_0398,2026-08-20,25980.68,4676.52,30657.2,MERCHANT_003,True,none,1.0
INV_0399,2026-08-05,48222.97,8680.13,56903.1,MERCHANT_010,False,amount_mismatch,0.85
INV_0400,2026-08-18,91715.7,16508.83,108224.53,MERCHANT_009,True,none,1.0
INV_0401,2026-08-08,69632.48,12533.85,82166.33,MERCHANT_010,True,none,1.0
INV_0402,2026-08-17,47441.06,8539.39,55980.45,MERCHANT_006,True,timing_difference,0.9
INV_0403,2026-08-02,83733.54,15072.04,98805.58,MERCHANT_009,True,timing_difference,0.9
INV_0404,2026-08-05,20631.03,3713.59,24344.62,MERCHANT_009,False,duplicate,0.0
INV_0404,2026-08-05,20631.03,3713.59,24344.62,MERCHANT_009,False,duplicate,0.0
INV_0405,2026-08-04,69628.05,12533.05,82161.1,MERCHANT_010,True,none,1.0
INV_0406,2026-08-03,90394.49,16271.01,106665.5,MERCHANT_008,True,timing_difference,0.9
INV_0407,2026-08-17,44465.33,8003.76,52469.09,MERCHANT_010,True,none,1.0
INV_0408,2026-08-18,48925.94,8806.67,57732.61,MERCHANT_005,True,none,1.0
INV_0409,2026-08-13,29173.44,5251.22,34424.66,MERCHANT_001,True,none,1.0
INV_0410,2026-08-19,11937.8,2148.8,14086.6,MERCHANT_007,True,none,1.0
INV_0411,2026-08-03,56410.53,10153.9,66564.43,MERCHANT_001,True,none,1.0
INV_0412,2026-08-16,8014.81,1442.67,9457.48,MERCHANT_007,True,timing_difference,0.9
INV_0413,2026-08-21,96559.34,17380.68,113940.02,MERCHANT_006,True,none,1.0
INV_0414,2026-08-15,87613.93,15770.51,103384.44,MERCHANT_007,False,missing_payment,0.0
INV_0415,2026-08-03,69859.38,12574.69,82434.07,MERCHANT_009,False,missing_settlement,0.0
INV_0416,2026-08-21,86727.23,15610.9,102338.13,MERCHANT_002,True,none,1.0
INV_0417,2026-08-18,42340.57,7621.3,49961.87,MERCHANT_003,False,duplicate,0.0
INV_0417,2026-08-18,42340.57,7621.3,49961.87,MERCHANT_003,False,duplicate,0.0
INV_0418,2026-08-01,76837.04,13830.67,90667.71,MERCHANT_005,False,missing_settlement,0.0
INV_0419,2026-08-18,45292.16,8152.59,53444.75,MERCHANT_007,True,none,1.0
INV_0420,2026-08-08,48759.4,8776.69,57536.09,MERCHANT_003,False,amount_mismatch,0.85
INV_0421,2026-08-04,8060.64,1450.92,9511.56,MERCHANT_007,True,none,1.0
INV_0422,2026-08-08,24577.75,4423.99,29001.74,MERCHANT_002,True,timing_difference,0.9
INV_0423,2026-08-02,28249.74,5084.95,33334.69,MERCHANT_001,True,none,1.0
INV_0424,2026-08-15,27262.23,4907.2,32169.43,MERCHANT_004,True,none,1.0
INV_0425,2026-08-05,52870.11,9516.62,62386.73,MERCHANT_005,True,timing_difference,0.9
INV_0426,2026-08-19,61802.18,11124.39,72926.57,MERCHANT_006,True,none,1.0
INV_0427,2026-08-10,88244.54,15884.02,104128.56,MERCHANT_009,True,none,1.0
INV_0428,2026-08-14,33547.59,6038.57,39586.16,MERCHANT_001,True,none,1.0
INV_0429,2026-08-21,69481.26,12506.63,81987.89,MERCHANT_009,True,none,1.0
INV_0430,2026-08-02,97367.57,17526.16,114893.73,MERCHANT_007,True,none,1.0
INV_0431,2026-08-14,43784.62,7881.23,51665.85,MERCHANT_005,False,amount_mismatch,0.85
INV_0432,2026-08-18,49984.29,8997.17,58981.46,MERCHANT_004,True,none,1.0
INV_0433,2026-08-05,81548.74,14678.77,96227.51,MERCHANT_001,True,none,1.0
INV_0434,2026-08-14,57942.24,10429.6,68371.84,MERCHANT_003,True,none,1.0
INV_0435,2026-08-08,29224.59,5260.43,34485.02,MERCHANT_006,True,none,1.0
INV_0436,2026-08-15,85477.67,15385.98,100863.65,MERCHANT_002,True,none,1.0
INV_0437,2026-08-02,30503.85,5490.69,35994.54,MERCHANT_010,True,none,1.0
INV_0438,2026-08-03,22875.51,4117.59,26993.1,MERCHANT_010,True,none,1.0
INV_0439,2026-08-16,24844.46,4472.0,29316.46,MERCHANT_006,True,timing_difference,0.9
INV_0440,2026-08-07,96397.37,17351.53,113748.9,MERCHANT_002,True,none,1.0
INV_0441,2026-08-08,71084.5,12795.21,83879.71,MERCHANT_004,False,amount_mismatch,0.85
INV_0442,2026-08-18,35553.43,6399.62,41953.05,MERCHANT_005,True,none,1.0
INV_0443,2026-08-15,55696.76,10025.42,65722.18,MERCHANT_006,True,none,1.0
INV_0444,2026-08-09,39166.24,7049.92,46216.16,MERCHANT_008,True,none,1.0
INV_0445,2026-08-04,81267.58,14628.16,95895.74,MERCHANT_008,False,missing_settlement,0.0
INV_0446,2026-08-07,40216.97,7239.05,47456.02,MERCHANT_007,True,none,1.0
INV_0447,2026-08-19,87088.06,15675.85,102763.91,MERCHANT_003,True,none,1.0
INV_0448,2026-08-09,57564.6,10361.63,67926.23,MERCHANT_010,True,none,1.0
INV_0449,2026-08-10,-19479.08,-3506.23,-22985.31,MERCHANT_006,True,refund,0.95
INV_0450,2026-08-13,-59130.0,-10643.4,-69773.4,MERCHANT_004,True,refund,0.95
INV_0451,2026-08-18,67187.76,12093.8,79281.56,MERCHANT_006,True,none,1.0
INV_0452,2026-08-16,96818.29,17427.29,114245.58,MERCHANT_008,False,amount_mismatch,0.85
INV_0453,2026-08-12,21080.24,3794.44,24874.68,MERCHANT_009,True,none,1.0
INV_0454,2026-08-06,92105.44,16578.98,108684.42,MERCHANT_009,True,none,1.0
INV_0455,2026-08-17,8213.26,1478.39,9691.65,MERCHANT_002,False,missing_payment,0.0
INV_0456,2026-08-01,44177.26,7951.91,52129.17,MERCHANT_004,True,none,1.0
INV_0457,2026-08-05,-5868.44,-1056.32,-6924.76,MERCHANT_009,True,refund,0.95
INV_0458,2026-08-12,10742.76,1933.7,12676.46,MERCHANT_010,True,timing_difference,0.9
INV_0459,2026-08-01,55560.19,10000.83,65561.02,MERCHANT_007,True,none,1.0
INV_0460,2026-08-01,55294.68,9953.04,65247.72,MERCHANT_005,False,amount_mismatch,0.85
INV_0461,2026-08-14,81585.93,14685.47,96271.4,MERCHANT_003,False,amount_mismatch,0.85
INV_0462,2026-08-17,19145.26,3446.15,22591.41,MERCHANT_004,True,none,1.0
INV_0463,2026-08-12,30395.85,5471.25,35867.1,MERCHANT_007,False,missing_settlement,0.0
INV_0464,2026-08-12,96133.29,17303.99,113437.28,MERCHANT_008,False,amount_mismatch,0.85
INV_0465,2026-08-08,33497.59,6029.57,39527.16,MERCHANT_002,True,none,1.0
INV_0466,2026-08-03,43501.44,7830.26,51331.7,MERCHANT_007,True,none,1.0
INV_0467,2026-08-02,65491.07,11788.39,77279.46,MERCHANT_003,True,none,1.0
INV_0468,2026-08-16,85306.33,15355.14,100661.47,MERCHANT_006,True,none,1.0
INV_0469,2026-08-17,92319.46,16617.5,108936.96,MERCHANT_004,True,none,1.0
INV_0470,2026-08-19,-50172.53,-9031.06,-59203.59,MERCHANT_001,True,refund,0.95
INV_0471,2026-08-09,90434.61,16278.23,106712.84,MERCHANT_010,True,timing_difference,0.9
INV_0472,2026-08-01,96339.57,17341.12,113680.69,MERCHANT_010,True,timing_difference,0.9
INV_0473,2026-08-10,20432.77,3677.9,24110.67,MERCHANT_004,True,timing_difference,0.9
INV_0474,2026-08-13,76782.88,13820.92,90603.8,MERCHANT_003,True,none,1.0
INV_0475,2026-08-17,75818.37,13647.31,89465.68,MERCHANT_006,True,none,1.0
INV_0476,2026-08-04,46523.38,8374.21,54897.59,MERCHANT_002,True,none,1.0
INV_0477,2026-08-20,78055.54,14050.0,92105.54,MERCHANT_010,True,none,1.0
INV_0478,2026-08-11,7814.44,1406.6,9221.04,MERCHANT_005,True,none,1.0
INV_0479,2026-08-16,26673.15,4801.17,31474.32,MERCHANT_009,True,none,1.0
INV_0480,2026-08-14,22645.1,4076.12,26721.22,MERCHANT_010,True,none,1.0
INV_0481,2026-08-03,78355.9,14104.06,92459.96,MERCHANT_005,True,none,1.0
INV_0482,2026-08-03,12793.61,2302.85,15096.46,MERCHANT_003,True,none,1.0
INV_0483,2026-08-21,19656.3,3538.13,23194.43,MERCHANT_007,True,none,1.0
INV_0484,2026-08-12,15122.34,2722.02,17844.36,MERCHANT_001,True,none,1.0
INV_0485,2026-08-15,39192.16,7054.59,46246.75,MERCHANT_005,True,none,1.0
INV_0486,2026-08-05,13293.24,2392.78,15686.02,MERCHANT_007,True,none,1.0
INV_0487,2026-08-18,57700.3,10386.05,68086.35,MERCHANT_007,True,none,1.0
INV_0488,2026-08-01,13513.79,2432.48,15946.27,MERCHANT_009,False,missing_payment,0.0
INV_0489,2026-08-20,-61814.16,-11126.55,-72940.71,MERCHANT_006,True,refund,0.95
INV_0490,2026-08-01,32725.5,5890.59,38616.09,MERCHANT_007,True,timing_difference,0.9
INV_0491,2026-08-19,54504.93,9810.89,64315.82,MERCHANT_007,True,none,1.0
INV_0492,2026-08-05,30547.3,5498.51,36045.81,MERCHANT_005,True,timing_difference,0.9
INV_0493,2026-08-06,46294.25,8332.97,54627.22,MERCHANT_007,True,none,1.0
INV_0494,2026-08-16,79353.33,14283.6,93636.93,MERCHANT_006,True,none,1.0
INV_0495,2026-08-08,73485.45,13227.38,86712.83,MERCHANT_008,True,none,1.0
INV_0496,2026-08-15,15162.37,2729.23,17891.6,MERCHANT_005,True,none,1.0
INV_0497,2026-08-13,36560.64,6580.92,43141.56,MERCHANT_010,True,timing_difference,0.9
INV_0498,2026-08-11,45908.54,8263.54,54172.08,MERCHANT_010,True,none,1.0
INV_0499,2026-08-10,35463.19,6383.37,41846.56,MERCHANT_004,True,none,1.0
INV_0500,2026-08-11,21875.54,3937.6,25813.14,MERCHANT_007,True,timing_difference,0.9
