Payment_ID,Invoice_ID,Date,Amount,Payment_Method
PAY_0001,INV_0001,2026-08-02,18051.92,NetBanking
PAY_0002,INV_0002,2026-08-11,54819.76,UPI
PAY_0003,INV_0003,2026-08-07,34454.4,UPI
PAY_0004,INV_0004,2026-08-17,109656.98,Card
PAY_0005,INV_0005,2026-08-12,54248.43,NetBanking
PAY_0006,INV_0006,2026-08-04,86584.45,NetBanking
PAY_0007,INV_0007,2026-08-14,42465.11,Card
PAY_0008,INV_0008,2026-08-07,53032.03,Card
PAY_0009,INV_0009,2026-08-20,69696.7,UPI
PAY_0010,INV_0010,2026-08-10,38063.02,NetBanking
PAY_0011,INV_0011,2026-08-15,81637.82,Wallet
PAY_0012,INV_0012,2026-08-06,79757.17,NetBanking
PAY_0013,INV_0013,2026-08-08,81320.4,Card
PAY_0014,INV_0014,2026-08-05,8638.08,Wallet
PAY_0015,INV_0015,2026-08-20,101155.59,Wallet
PAY_0016,INV_0016,2026-08-14,105235.95,Card
PAY_0017,INV_0017,2026-08-13,61319.68,Card
PAY_0018,INV_0018,2026-08-14,30432.09,Wallet
PAY_0019,INV_0019,2026-08-02,68385.19,Wallet
PAY_0020,INV_0020,2026-08-05,95738.8,NetBanking
PAY_0021,INV_0021,2026-08-15,74578.32,Wallet
PAY_0022,INV_0022,2026-08-18,55886.91,Wallet
PAY_0023,INV_0023,2026-08-15,34955.38,NetBanking
PAY_0024,INV_0024,2026-08-17,60223.33,NetBanking
PAY_0025,INV_0025,2026-08-10,32186.73,NetBanking
PAY_0027,INV_0027,2026-08-13,83691.77,UPI
PAY_0028,INV_0028,2026-08-14,51591.89,Wallet
PAY_0029,INV_0029,2026-08-14,12879.98,Wallet
PAY_0030,INV_0030,2026-08-19,111953.55,Wallet
PAY_0031,INV_0031,2026-08-16,6560.95,NetBanking
PAY_0032,INV_0032,2026-08-13,101571.52,Card
PAY_0033,INV_0033,2026-08-16,30497.17,Wallet
PAY_0034,INV_0034,2026-08-01,49490.89,Card
PAY_0035,INV_0035,2026-08-15,108980.61,UPI
PAY_0036,INV_0036,2026-08-13,72251.18,UPI
PAY_0037,INV_0037,2026-08-21,53947.49,Card
PAY_0038,INV_0038,2026-08-02,35063.52,Card
PAY_0039,INV_0039,2026-08-15,42539.41,NetBanking
PAY_0040,INV_0040,2026-08-14,34179.64,Wallet
PAY_0041,INV_0041,2026-08-01,89865.61,NetBanking
PAY_0042,INV_0042,2026-08-03,93476.23,UPI
PAY_0043,INV_0043,2026-08-08,28248.33,Card
PAY_0044,INV_0044,2026-08-08,20049.37,Card
PAY_0045,INV_0045,2026-08-15,84310.02,Card
PAY_0046,INV_0046,2026-08-04,93090.47,NetBanking
PAY_0047,INV_0047,2026-08-04,70770.56,Wallet
PAY_0048,INV_0048,2026-08-13,111438.86,UPI
PAY_0049,INV_0049,2026-08-21,33123.41,UPI
PAY_0050,INV_0050,2026-08-19,93633.42,Wallet
PAY_0051,INV_0051,2026-08-12,13630.05,UPI
PAY_0052,INV_0052,2026-08-14,98083.3,Wallet
PAY_0053,INV_0053,2026-08-12,77149.1,Card
PAY_0054,INV_0054,2026-08-14,25644.95,NetBanking
PAY_0055,INV_0055,2026-08-20,96499.14,Wallet
PAY_0056,INV_0056,2026-08-15,54727.9,NetBanking
PAY_0057,INV_0057,2026-08-11,101377.05,NetBanking
PAY_0058,INV_0058,2026-08-15,33237.1,Wallet
PAY_0059,INV_0059,2026-08-11,9117.27,Card
PAY_0060,INV_0060,2026-08-16,29678.64,NetBanking
PAY_0061,INV_0061,2026-08-09,68204.18,Card
PAY_0062,INV_0062,2026-08-03,32956.01,Wallet
PAY_0063,INV_0063,2026-08-16,78305.72,Wallet
PAY_0064,INV_0064,2026-08-01,16331.28,Wallet
PAY_0065,INV_0065,2026-08-08,40225.69,NetBanking
PAY_0066,INV_0066,2026-08-16,67944.32,Wallet
PAY_0067,INV_0067,2026-08-18,42981.7,NetBanking
PAY_0068,INV_0068,2026-08-10,34082.35,Card
PAY_0069,INV_0069,2026-08-11,19302.09,Card
PAY_0071,INV_0071,2026-08-04,99237.63,Card
PAY_0072,INV_0072,2026-08-12,26015.4,Card
PAY_0073,INV_0073,2026-08-09,11002.31,NetBanking
PAY_0074,INV_0074,2026-08-05,77405.19,UPI
PAY_0075,INV_0075,2026-08-10,58519.4,NetBanking
PAY_0076,INV_0076,2026-08-02,34202.83,UPI
PAY_0077,INV_0077,2026-08-13,61024.79,UPI
PAY_0078,INV_0078,2026-08-05,22625.05,NetBanking
PAY_0079,INV_0079,2026-08-04,68459.99,Card
PAY_0080,INV_0080,2026-08-17,48540.37,NetBanking
PAY_0081,INV_0081,2026-08-19,116882.5,UPI
PAY_0082,INV_0082,2026-08-20,113528.19,Card
PAY_0083,INV_0083,2026-08-21,29555.92,Card
PAY_0084,INV_0084,2026-08-08,25384.5,Card
PAY_0085,INV_0085,2026-08-01,51694.82,Wallet
PAY_0086,INV_0086,2026-08-08,38196.55,Wallet
PAY_0087,INV_0087,2026-08-03,82955.85,Card
PAY_0088,INV_0088,2026-08-18,31101.14,NetBanking
PAY_0089,INV_0089,2026-08-05,13905.04,NetBanking
PAY_0090,INV_0090,2026-08-20,89858.16,NetBanking
PAY_0091,INV_0091,2026-08-15,19840.05,Wallet
PAY_0092,INV_0092,2026-08-09,62002.93,Wallet
PAY_0093,INV_0093,2026-08-03,72939.91,NetBanking
PAY_0094,INV_0094,2026-08-20,33966.24,Card
PAY_0095,INV_0095,2026-08-19,71716.48,NetBanking
PAY_0096,INV_0096,2026-08-19,10409.97,Wallet
PAY_0097,INV_0097,2026-08-17,78934.21,Card
PAY_0098,INV_0098,2026-08-19,54762.7,UPI
PAY_0099,INV_0099,2026-08-14,43263.87,Card
PAY_0100,INV_0100,2026-08-16,38209.21,UPI
PAY_0101,INV_0101,2026-08-15,15771.5,NetBanking
PAY_0102,INV_0102,2026-08-04,114657.71,UPI
PAY_0103,INV_0103,2026-08-14,11976.28,NetBanking
PAY_0104,INV_0104,2026-08-20,90697.28,UPI
PAY_0105,INV_0105,2026-08-18,20586.59,Wallet
PAY_0106,INV_0106,2026-08-16,19511.87,Card
PAY_0107,INV_0107,2026-08-06,40735.09,Wallet
PAY_0108,INV_0108,2026-08-03,31088.94,Wallet
PAY_0109,INV_0109,2026-08-21,99183.25,NetBanking
PAY_0110,INV_0110,2026-08-17,84976.64,Wallet
PAY_0111,INV_0111,2026-08-16,33222.24,Card
PAY_0112,INV_0112,2026-08-13,27267.43,Card
PAY_0113,INV_0113,2026-08-09,92516.89,NetBanking
PAY_0114,INV_0114,2026-08-17,35850.05,NetBanking
PAY_0115,INV_0115,2026-08-10,99781.05,Wallet
PAY_0116,INV_0116,2026-08-18,-60194.67,Wallet
PAY_0117,INV_0117,2026-08-15,110472.73,Card
PAY_0118,INV_0118,2026-08-19,48831.03,UPI
PAY_0119,INV_0119,2026-08-11,89381.45,Wallet
PAY_0120,INV_0120,2026-08-21,115849.71,UPI
PAY_0121,INV_0121,2026-08-05,62206.84,NetBanking
PAY_0122,INV_0122,2026-08-04,103896.75,UPI
PAY_0123,INV_0123,2026-08-17,-107960.51,Card
PAY_0124,INV_0124,2026-08-14,103531.58,UPI
PAY_0125,INV_0125,2026-08-16,93508.98,NetBanking
PAY_0126,INV_0126,2026-08-20,83552.19,NetBanking
PAY_0127,INV_0127,2026-08-18,48499.05,Wallet
PAY_0128,INV_0128,2026-08-18,9924.28,Card
PAY_0129,INV_0129,2026-08-21,82621.19,Card
PAY_0130,INV_0130,2026-08-03,54548.2,UPI
PAY_0131,INV_0131,2026-08-15,24549.49,UPI
PAY_0132,INV_0132,2026-08-02,42262.4,NetBanking
PAY_0133,INV_0133,2026-08-12,47919.68,Card
PAY_0134,INV_0134,2026-08-17,-52091.01,Card
PAY_0135,INV_0135,2026-08-06,14752.35,Card
PAY_0136,INV_0136,2026-08-16,108228.14,Card
PAY_0137,INV_0137,2026-08-15,77409.11,NetBanking
PAY_0138,INV_0138,2026-08-01,106667.65,NetBanking
PAY_0139,INV_0139,2026-08-18,23609.06,NetBanking
PAY_0140,INV_0140,2026-08-21,113743.46,Wallet
PAY_0141,INV_0141,2026-08-10,28232.22,Wallet
PAY_0142,INV_0142,2026-08-04,32490.76,NetBanking
PAY_0143,INV_0143,2026-08-19,39067.3,UPI
PAY_0144,INV_0144,2026-08-13,36669.26,UPI
PAY_0145,INV_0145,2026-08-20,89433.79,Card
PAY_0146,INV_0146,2026-08-20,95796.58,Card
PAY_0147,INV_0147,2026-08-20,33995.27,UPI
PAY_0148,INV_0148,2026-08-21,10319.27,UPI
PAY_0149,INV_0149,2026-08-19,46800.95,UPI
PAY_0150,INV_0150,2026-08-10,42525.22,Card
PAY_0151,INV_0151,2026-08-07,20715.11,NetBanking
PAY_0152,INV_0152,2026-08-17,62151.19,Card
PAY_0153,INV_0153,2026-08-09,108364.89,NetBanking
PAY_0154,INV_0154,2026-08-11,96054.47,UPI
PAY_0155,INV_0155,2026-08-05,90440.38,Wallet
PAY_0156,INV_0156,2026-08-03,94535.45,NetBanking
PAY_0157,INV_0157,2026-08-18,19754.3,NetBanking
PAY_0158,INV_0158,2026-08-19,48612.96,UPI
PAY_0159,INV_0159,2026-08-08,58752.55,NetBanking
PAY_0160,INV_0160,2026-08-20,30715.26,Wallet
PAY_0161,INV_0161,2026-08-10,78679.74,Card
PAY_0162,INV_0162,2026-08-02,111975.92,Wallet
PAY_0163,INV_0163,2026-08-04,16795.22,Card
PAY_0164,INV_0164,2026-08-13,56753.47,Wallet
PAY_0165,INV_0165,2026-08-19,89108.36,Wallet
PAY_0166,INV_0166,2026-08-20,51649.79,UPI
PAY_0167,INV_0167,2026-08-12,30255.93,Card
PAY_0168,INV_0168,2026-08-12,17037.65,NetBanking
PAY_0169,INV_0169,2026-08-02,50531.46,UPI
PAY_0170,INV_0170,2026-08-15,16176.6,UPI
PAY_0171,INV_0171,2026-08-11,33204.08,Card
PAY_0172,INV_0172,2026-08-03,98922.57,Card
PAY_0173,INV_0173,2026-08-19,30108.15,NetBanking
PAY_0174,INV_0174,2026-08-20,6217.87,Card
PAY_0175,INV_0175,2026-08-18,33998.34,UPI
PAY_0176,INV_0176,2026-08-01,20675.15,Card
PAY_0177,INV_0177,2026-08-19,42194.78,NetBanking
PAY_0178,INV_0178,2026-08-02,20109.63,UPI
PAY_0179,INV_0179,2026-08-03,59287.18,UPI
PAY_0181,INV_0181,2026-08-15,78018.48,UPI
PAY_0182,INV_0182,2026-08-16,100882.16,UPI
PAY_0183,INV_0183,2026-08-16,85760.18,UPI
PAY_0184,INV_0184,2026-08-03,42008.73,UPI
PAY_0185,INV_0185,2026-08-05,36729.29,NetBanking
PAY_0186,INV_0186,2026-08-20,65375.42,Wallet
PAY_0187,INV_0187,2026-08-04,94806.07,Card
PAY_0188,INV_0188,2026-08-14,56519.31,Wallet
PAY_0189,INV_0189,2026-08-11,98653.7,Wallet
PAY_0190,INV_0190,2026-08-04,40936.67,NetBanking
PAY_0191,INV_0191,2026-08-12,112797.72,UPI
PAY_0192,INV_0192,2026-08-03,54313.36,Card
PAY_0193,INV_0193,2026-08-18,12623.86,NetBanking
PAY_0195,INV_0195,2026-08-10,73205.97,UPI
PAY_0196,INV_0196,2026-08-19,62780.94,Wallet
PAY_0197,INV_0197,2026-08-08,100879.51,NetBanking
PAY_0198,INV_0198,2026-08-04,91388.1,Card
PAY_0199,INV_0199,2026-08-14,100641.89,UPI
PAY_0200,INV_0200,2026-08-20,110050.35,UPI
PAY_0201,INV_0201,2026-08-10,109204.35,UPI
PAY_0202,INV_0202,2026-08-06,103411.61,Wallet
PAY_0203,INV_0203,2026-08-03,21804.15,UPI
PAY_0204,INV_0204,2026-08-13,-52963.23,Card
PAY_0205,INV_0205,2026-08-12,40834.55,UPI
PAY_0206,INV_0206,2026-08-02,-23340.51,UPI
PAY_0207,INV_0207,2026-08-03,36402.73,Wallet
PAY_0208,INV_0208,2026-08-20,55453.16,Card
PAY_0209,INV_0209,2026-08-17,18658.94,UPI
PAY_0210,INV_0210,2026-08-10,81928.23,Wallet
PAY_0211,INV_0211,2026-08-17,80685.56,Card
PAY_0212,INV_0212,2026-08-02,6761.72,Card
PAY_0213,INV_0213,2026-08-09,38347.03,UPI
PAY_0214,INV_0214,2026-08-16,89640.28,Card
PAY_0215,INV_0215,2026-08-13,-65602.48,NetBanking
PAY_0216,INV_0216,2026-08-03,50411.68,Wallet
PAY_0217,INV_0217,2026-08-03,102542.53,Wallet
PAY_0218,INV_0218,2026-08-19,51235.8,NetBanking
PAY_0219,INV_0219,2026-08-04,51304.12,Card
PAY_0220,INV_0220,2026-08-20,57476.87,UPI
PAY_0221,INV_0221,2026-08-14,100566.69,Wallet
PAY_0222,INV_0222,2026-08-19,50790.42,Wallet
PAY_0223,INV_0223,2026-08-10,89504.72,NetBanking
PAY_0224,INV_0224,2026-08-06,14462.13,Card
PAY_0225,INV_0225,2026-08-21,97265.65,UPI
PAY_0226,INV_0226,2026-08-05,-34594.04,Card
PAY_0227,INV_0227,2026-08-21,14347.1,Wallet
PAY_0228,INV_0228,2026-08-19,91082.23,NetBanking
PAY_0229,INV_0229,2026-08-21,41339.16,UPI
PAY_0231,INV_0231,2026-08-19,12196.89,UPI
PAY_0232,INV_0232,2026-08-10,57661.34,UPI
PAY_0233,INV_0233,2026-08-10,14501.55,Wallet
PAY_0234,INV_0234,2026-08-15,70954.92,Wallet
PAY_0235,INV_0235,2026-08-19,78970.98,Wallet
PAY_0236,INV_0236,2026-08-17,22811.52,Wallet
PAY_0237,INV_0237,2026-08-03,62459.95,UPI
PAY_0239,INV_0239,2026-08-12,47696.71,Wallet
PAY_0240,INV_0240,2026-08-14,92717.5,UPI
PAY_0241,INV_0241,2026-08-21,78462.93,NetBanking
PAY_0242,INV_0242,2026-08-13,37752.87,Card
PAY_0243,INV_0243,2026-08-11,15036.37,NetBanking
PAY_0244,INV_0244,2026-08-10,114378.78,Card
PAY_0245,INV_0245,2026-08-20,85360.29,NetBanking
PAY_0246,INV_0246,2026-08-18,48125.75,Card
PAY_0247,INV_0247,2026-08-17,16376.08,NetBanking
PAY_0248,INV_0248,2026-08-01,46547.2,Card
PAY_0249,INV_0249,2026-08-11,112133.62,Card
PAY_0250,INV_0250,2026-08-08,117997.38,UPI
PAY_0251,INV_0251,2026-08-10,100560.43,UPI
PAY_0252,INV_0252,2026-08-11,104143.63,Card
PAY_0253,INV_0253,2026-08-05,-24087.92,Card
PAY_0254,INV_0254,2026-08-15,-10797.92,Card
PAY_0256,INV_0256,2026-08-18,32710.79,Card
PAY_0257,INV_0257,2026-08-12,81938.2,Wallet
PAY_0258,INV_0258,2026-08-15,92154.06,Wallet
PAY_0259,INV_0259,2026-08-06,97473.51,Card
PAY_0260,INV_0260,2026-08-09,11749.35,NetBanking
PAY_0261,INV_0261,2026-08-18,110634.31,UPI
PAY_0262,INV_0262,2026-08-10,15302.41,NetBanking
PAY_0263,INV_0263,2026-08-05,99060.34,Card
PAY_0264,INV_0264,2026-08-15,105067.0,Wallet
PAY_0265,INV_0265,2026-08-02,50342.49,Card
PAY_0266,INV_0266,2026-08-13,117386.29,Card
PAY_0268,INV_0268,2026-08-05,10193.78,Card
PAY_0269,INV_0269,2026-08-20,6488.65,UPI
PAY_0270,INV_0270,2026-08-05,67420.95,Wallet
PAY_0271,INV_0271,2026-08-04,92908.95,NetBanking
PAY_0272,INV_0272,2026-08-04,11252.72,Wallet
PAY_0273,INV_0273,2026-08-16,72794.45,Card
PAY_0274,INV_0274,2026-08-05,38551.59,NetBanking
PAY_0275,INV_0275,2026-08-14,26897.89,NetBanking
PAY_0276,INV_0276,2026-08-03,112776.55,UPI
PAY_0277,INV_0277,2026-08-13,103800.46,Wallet
PAY_0278,INV_0278,2026-08-12,34334.19,NetBanking
PAY_0279,INV_0279,2026-08-03,44552.36,NetBanking
PAY_0280,INV_0280,2026-08-05,10870.03,NetBanking
PAY_0281,INV_0281,2026-08-15,115849.83,Card
PAY_0282,INV_0282,2026-08-05,12973.57,UPI
PAY_0283,INV_0283,2026-08-10,28498.35,UPI
PAY_0284,INV_0284,2026-08-11,110530.88,Wallet
PAY_0285,INV_0285,2026-08-09,10005.18,NetBanking
PAY_0286,INV_0286,2026-08-21,43108.76,NetBanking
PAY_0287,INV_0287,2026-08-15,106188.86,NetBanking
PAY_0288,INV_0288,2026-08-16,47079.59,NetBanking
PAY_0289,INV_0289,2026-08-03,87405.82,Wallet
PAY_0290,INV_0290,2026-08-20,117450.51,NetBanking
PAY_0291,INV_0291,2026-08-11,17401.22,NetBanking
PAY_0292,INV_0292,2026-08-10,55887.16,Card
PAY_0293,INV_0293,2026-08-15,45308.41,NetBanking
PAY_0294,INV_0294,2026-08-20,117792.69,UPI
PAY_0295,INV_0295,2026-08-21,51436.16,Card
PAY_0296,INV_0296,2026-08-01,21905.58,Wallet
PAY_0297,INV_0297,2026-08-02,20050.38,NetBanking
PAY_0298,INV_0298,2026-08-19,9530.4,Wallet
PAY_0299,INV_0299,2026-08-15,91441.76,Card
PAY_0300,INV_0300,2026-08-17,47035.09,NetBanking
PAY_0301,INV_0301,2026-08-08,113574.29,Card
PAY_0302,INV_0302,2026-08-16,63939.24,UPI
PAY_0303,INV_0303,2026-08-09,92773.52,Card
PAY_0304,INV_0304,2026-08-16,28339.99,UPI
PAY_0305,INV_0305,2026-08-15,117693.12,NetBanking
PAY_0306,INV_0306,2026-08-03,67554.68,NetBanking
PAY_0307,INV_0307,2026-08-06,85693.79,NetBanking
PAY_0308,INV_0308,2026-08-17,31037.48,Card
PAY_0309,INV_0309,2026-08-08,94500.82,NetBanking
PAY_0310,INV_0310,2026-08-18,70052.29,Card
PAY_0311,INV_0311,2026-08-20,105024.02,NetBanking
PAY_0312,INV_0312,2026-08-13,117954.61,Wallet
PAY_0313,INV_0313,2026-08-14,98196.34,Card
PAY_0314,INV_0314,2026-08-11,77906.16,Wallet
PAY_0315,INV_0315,2026-08-05,104319.33,Card
PAY_0316,INV_0316,2026-08-05,54396.51,UPI
PAY_0317,INV_0317,2026-08-10,24358.06,Card
PAY_0318,INV_0318,2026-08-12,112112.86,NetBanking
PAY_0319,INV_0319,2026-08-03,33992.85,NetBanking
PAY_0320,INV_0320,2026-08-05,75965.0,UPI
PAY_0321,INV_0321,2026-08-17,77754.7,Card
PAY_0322,INV_0322,2026-08-06,79743.95,NetBanking
PAY_0323,INV_0323,2026-08-19,10517.88,UPI
PAY_0324,INV_0324,2026-08-02,112232.1,NetBanking
PAY_0326,INV_0326,2026-08-20,77530.91,NetBanking
PAY_0327,INV_0327,2026-08-21,113140.49,Card
PAY_0328,INV_0328,2026-08-13,39242.34,UPI
PAY_0329,INV_0329,2026-08-06,-55179.77,Wallet
PAY_0331,INV_0331,2026-08-11,88203.8,Wallet
PAY_0332,INV_0332,2026-08-17,68861.11,Card
PAY_0333,INV_0333,2026-08-09,56299.71,UPI
PAY_0334,INV_0334,2026-08-02,38432.77,Wallet
PAY_0335,INV_0335,2026-08-08,113817.09,NetBanking
PAY_0336,INV_0336,2026-08-19,86738.5,Card
PAY_0337,INV_0337,2026-08-16,117548.17,Wallet
PAY_0338,INV_0338,2026-08-10,61655.21,Wallet
PAY_0339,INV_0339,2026-08-17,57155.55,Card
PAY_0340,INV_0340,2026-08-19,45459.54,NetBanking
PAY_0341,INV_0341,2026-08-21,81289.56,UPI
PAY_0342,INV_0342,2026-08-04,54207.01,NetBanking
PAY_0343,INV_0343,2026-08-13,46921.58,UPI
PAY_0344,INV_0344,2026-08-19,68879.67,NetBanking
PAY_0345,INV_0345,2026-08-03,-49209.71,NetBanking
PAY_0347,INV_0347,2026-08-04,50056.6,NetBanking
PAY_0348,INV_0348,2026-08-05,28214.39,Wallet
PAY_0349,INV_0349,2026-08-17,10412.58,Card
PAY_0350,INV_0350,2026-08-11,96024.58,Wallet
PAY_0351,INV_0351,2026-08-05,73861.81,Card
PAY_0352,INV_0352,2026-08-11,110306.44,Card
PAY_0353,INV_0353,2026-08-13,116948.03,NetBanking
PAY_0354,INV_0354,2026-08-17,98751.24,Wallet
PAY_0355,INV_0355,2026-08-19,39506.52,NetBanking
PAY_0356,INV_0356,2026-08-04,115746.57,NetBanking
PAY_0357,INV_0357,2026-08-21,8887.15,NetBanking
PAY_0358,INV_0358,2026-08-21,93663.54,Card
PAY_0359,INV_0359,2026-08-02,71312.96,Wallet
PAY_0360,INV_0360,2026-08-05,98008.23,UPI
PAY_0361,INV_0361,2026-08-19,112193.8,Card
PAY_0362,INV_0362,2026-08-01,55340.42,Card
PAY_0363,INV_0363,2026-08-14,83305.07,Wallet
PAY_0364,INV_0364,2026-08-02,85017.41,Card
PAY_0365,INV_0365,2026-08-18,-42338.06,Wallet
PAY_0366,INV_0366,2026-08-11,113144.44,NetBanking
PAY_0367,INV_0367,2026-08-18,45615.57,Wallet
PAY_0368,INV_0368,2026-08-07,113217.52,NetBanking
PAY_0369,INV_0369,2026-08-08,111440.53,NetBanking
PAY_0370,INV_0370,2026-08-16,41440.27,NetBanking
PAY_0371,INV_0371,2026-08-10,19562.09,Wallet
PAY_0372,INV_0372,2026-08-13,97640.11,NetBanking
PAY_0373,INV_0373,2026-08-03,44727.35,NetBanking
PAY_0374,INV_0374,2026-08-07,98713.38,NetBanking
PAY_0375,INV_0375,2026-08-20,88953.88,Card
PAY_0376,INV_0376,2026-08-17,31197.8,UPI
PAY_0377,INV_0377,2026-08-04,52231.08,UPI
PAY_0378,INV_0378,2026-08-05,6480.84,Card
PAY_0379,INV_0379,2026-08-14,79089.29,Wallet
PAY_0380,INV_0380,2026-08-21,28259.02,NetBanking
PAY_0381,INV_0381,2026-08-10,78305.15,Card
PAY_0382,INV_0382,2026-08-18,-88706.76,Card
PAY_0383,INV_0383,2026-08-14,104799.66,UPI
PAY_0384,INV_0384,2026-08-13,94230.39,NetBanking
PAY_0385,INV_0385,2026-08-02,6938.85,UPI
PAY_0386,INV_0386,2026-08-11,37799.36,Wallet
PAY_0387,INV_0387,2026-08-15,36485.03,NetBanking
PAY_0388,INV_0388,2026-08-06,87858.47,Card
PAY_0389,INV_0389,2026-08-01,88474.87,Card
PAY_0390,INV_0390,2026-08-21,-106458.49,NetBanking
PAY_0391,INV_0391,2026-08-03,50833.41,Card
PAY_0393,INV_0393,2026-08-09,48898.69,NetBanking
PAY_0394,INV_0394,2026-08-11,39748.12,UPI
PAY_0395,INV_0395,2026-08-12,-83559.36,UPI
PAY_0396,INV_0396,2026-08-15,40292.99,NetBanking
PAY_0397,INV_0397,2026-08-04,77499.54,NetBanking
PAY_0398,INV_0398,2026-08-20,30657.2,Wallet
PAY_0399,INV_0399,2026-08-05,56903.1,NetBanking
PAY_0400,INV_0400,2026-08-18,108224.53,Card
PAY_0401,INV_0401,2026-08-08,82166.33,UPI
PAY_0402,INV_0402,2026-08-17,55980.45,UPI
PAY_0403,INV_0403,2026-08-02,98805.58,Card
PAY_0404,INV_0404,2026-08-05,24344.62,Wallet
PAY_0405,INV_0405,2026-08-04,82161.1,Wallet
PAY_0406,INV_0406,2026-08-03,106665.5,UPI
PAY_0407,INV_0407,2026-08-17,52469.09,UPI
PAY_0408,INV_0408,2026-08-18,57732.61,UPI
PAY_0409,INV_0409,2026-08-13,34424.66,Card
PAY_0410,INV_0410,2026-08-19,14086.6,NetBanking
PAY_0411,INV_0411,2026-08-03,66564.43,UPI
PAY_0412,INV_0412,2026-08-16,9457.48,Card
PAY_0413,INV_0413,2026-08-21,113940.02,Wallet
PAY_0415,INV_0415,2026-08-03,82434.07,Card
PAY_0416,INV_0416,2026-08-21,102338.13,Card
PAY_0417,INV_0417,2026-08-18,49961.87,Card
PAY_0418,INV_0418,2026-08-01,90667.71,Wallet
PAY_0419,INV_0419,2026-08-18,53444.75,Card
PAY_0420,INV_0420,2026-08-08,57536.09,NetBanking
PAY_0421,INV_0421,2026-08-04,9511.56,UPI
PAY_0422,INV_0422,2026-08-08,29001.74,UPI
PAY_0423,INV_0423,2026-08-02,33334.69,Wallet
PAY_0424,INV_0424,2026-08-15,32169.43,UPI
PAY_0425,INV_0425,2026-08-05,62386.73,Card
PAY_0426,INV_0426,2026-08-19,72926.57,Card
PAY_0427,INV_0427,2026-08-10,104128.56,Card
PAY_0428,INV_0428,2026-08-14,39586.16,Card
PAY_0429,INV_0429,2026-08-21,81987.89,Wallet
PAY_0430,INV_0430,2026-08-02,114893.73,NetBanking
PAY_0431,INV_0431,2026-08-14,51665.85,Wallet
PAY_0432,INV_0432,2026-08-18,58981.46,NetBanking
PAY_0433,INV_0433,2026-08-05,96227.51,Wallet
PAY_0434,INV_0434,2026-08-14,68371.84,Wallet
PAY_0435,INV_0435,2026-08-08,34485.02,UPI
PAY_0436,INV_0436,2026-08-15,100863.65,Card
PAY_0437,INV_0437,2026-08-02,35994.54,UPI
PAY_0438,INV_0438,2026-08-03,26993.1,Card
PAY_0439,INV_0439,2026-08-16,29316.46,NetBanking
PAY_0440,INV_0440,2026-08-07,113748.9,Wallet
PAY_0441,INV_0441,2026-08-08,83879.71,Wallet
PAY_0442,INV_0442,2026-08-18,41953.05,Wallet
PAY_0443,INV_0443,2026-08-15,65722.18,NetBanking
PAY_0444,INV_0444,2026-08-09,46216.16,Wallet
PAY_0445,INV_0445,2026-08-04,95895.74,NetBanking
PAY_0446,INV_0446,2026-08-07,47456.02,UPI
PAY_0447,INV_0447,2026-08-19,102763.91,UPI
PAY_0448,INV_0448,2026-08-09,67926.23,Wallet
PAY_0449,INV_0449,2026-08-10,-22985.31,Card
PAY_0450,INV_0450,2026-08-13,-69773.4,Wallet
PAY_0451,INV_0451,2026-08-18,79281.56,NetBanking
PAY_0452,INV_0452,2026-08-16,114245.58,Wallet
PAY_0453,INV_0453,2026-08-12,24874.68,Wallet
PAY_0454,INV_0454,2026-08-06,108684.42,UPI
PAY_0456,INV_0456,2026-08-01,52129.17,UPI
PAY_0457,INV_0457,2026-08-05,-6924.76,Wallet
PAY_0458,INV_0458,2026-08-12,12676.46,Wallet
PAY_0459,INV_0459,2026-08-01,65561.02,UPI
PAY_0460,INV_0460,2026-08-01,65247.72,NetBanking
PAY_0461,INV_0461,2026-08-14,96271.4,UPI
PAY_0462,INV_0462,2026-08-17,22591.41,NetBanking
PAY_0463,INV_0463,2026-08-12,35867.1,UPI
PAY_0464,INV_0464,2026-08-12,113437.28,Card
PAY_0465,INV_0465,2026-08-08,39527.16,UPI
PAY_0466,INV_0466,2026-08-03,51331.7,Wallet
PAY_0467,INV_0467,2026-08-02,77279.46,UPI
PAY_0468,INV_0468,2026-08-16,100661.47,UPI
PAY_0469,INV_0469,2026-08-17,108936.96,Card
PAY_0470,INV_0470,2026-08-19,-59203.59,UPI
PAY_0471,INV_0471,2026-08-09,106712.84,UPI
PAY_0472,INV_0472,2026-08-01,113680.69,Card
PAY_0473,INV_0473,2026-08-10,24110.67,Wallet
PAY_0474,INV_0474,2026-08-13,90603.8,UPI
PAY_0475,INV_0475,2026-08-17,89465.68,UPI
PAY_0476,INV_0476,2026-08-04,54897.59,NetBanking
PAY_0477,INV_0477,2026-08-20,92105.54,Wallet
PAY_0478,INV_0478,2026-08-11,9221.04,Wallet
PAY_0479,INV_0479,2026-08-16,31474.32,Wallet
PAY_0480,INV_0480,2026-08-14,26721.22,Wallet
PAY_0481,INV_0481,2026-08-03,92459.96,Card
PAY_0482,INV_0482,2026-08-03,15096.46,Wallet
PAY_0483,INV_0483,2026-08-21,23194.43,NetBanking
PAY_0484,INV_0484,2026-08-12,17844.36,NetBanking
PAY_0485,INV_0485,2026-08-15,46246.75,UPI
PAY_0486,INV_0486,2026-08-05,15686.02,Wallet
PAY_0487,INV_0487,2026-08-18,68086.35,UPI
PAY_0489,INV_0489,2026-08-20,-72940.71,Wallet
PAY_0490,INV_0490,2026-08-01,38616.09,UPI
PAY_0491,INV_0491,2026-08-19,64315.82,Card
PAY_0492,INV_0492,2026-08-05,36045.81,Wallet
PAY_0493,INV_0493,2026-08-06,54627.22,NetBanking
PAY_0494,INV_0494,2026-08-16,93636.93,NetBanking
PAY_0495,INV_0495,2026-08-08,86712.83,Card
PAY_0496,INV_0496,2026-08-15,17891.6,UPI
PAY_0497,INV_0497,2026-08-13,43141.56,Wallet
PAY_0498,INV_0498,2026-08-11,54172.08,Card
PAY_0499,INV_0499,2026-08-10,41846.56,Wallet
PAY_0500,INV_0500,2026-08-11,25813.14,NetBanking
