Settlement_ID,Payment_ID,Date,Amount,MDR_Amount
SET_0001,PAY_0001,2026-08-03,17690.88,361.04
SET_0002,PAY_0002,2026-08-17,53723.36,1096.4
SET_0003,PAY_0003,2026-08-08,33765.31,689.09
SET_0004,PAY_0004,2026-08-18,107463.84,2193.14
SET_0005,PAY_0005,2026-08-13,53163.46,1084.97
SET_0006,PAY_0006,2026-08-05,84852.76,1731.69
SET_0007,PAY_0007,2026-08-15,41615.81,849.3
SET_0008,PAY_0008,2026-08-08,51971.39,1060.64
SET_0009,PAY_0009,2026-08-21,68302.77,1393.93
SET_0010,PAY_0010,2026-08-16,37301.76,761.26
SET_0011,PAY_0011,2026-08-16,80063.81,1632.76
SET_0012,PAY_0012,2026-08-07,78080.70999999999,1595.14
SET_0013,PAY_0013,2026-08-09,79693.99,1626.41
SET_0014,PAY_0014,2026-08-06,8465.32,172.76
SET_0015,PAY_0015,2026-08-21,99132.48,2023.11
SET_0016,PAY_0016,2026-08-15,103131.23,2104.72
SET_0017,PAY_0017,2026-08-16,60093.29,1226.39
SET_0018,PAY_0018,2026-08-15,29823.45,608.64
SET_0019,PAY_0019,2026-08-03,67017.49,1367.7
SET_0020,PAY_0020,2026-08-06,93824.02,1914.78
SET_0022,PAY_0022,2026-08-19,54769.17,1117.74
SET_0023,PAY_0023,2026-08-16,34256.27,699.11
SET_0024,PAY_0024,2026-08-18,59006.83,1204.47
SET_0025,PAY_0025,2026-08-11,31543.0,643.73
SET_0026,PAY_0026,2026-08-19,14634.1,298.66
SET_0027,PAY_0027,2026-08-14,82017.93,1673.84
SET_0028,PAY_0028,2026-08-15,50560.05,1031.84
SET_0029,PAY_0029,2026-08-15,12622.38,257.6
SET_0030,PAY_0030,2026-08-20,109714.48,2239.07
SET_0031,PAY_0031,2026-08-17,6429.73,131.22
SET_0032,PAY_0032,2026-08-14,99540.09,2031.43
SET_0033,PAY_0033,2026-08-17,29887.23,609.94
SET_0034,PAY_0034,2026-08-02,48501.07,989.82
SET_0035,PAY_0035,2026-08-16,106801.0,2179.61
SET_0036,PAY_0036,2026-08-14,70806.16,1445.02
SET_0038,PAY_0038,2026-08-03,34362.25,701.27
SET_0039,PAY_0039,2026-08-16,41688.62,850.79
SET_0040,PAY_0040,2026-08-15,33496.05,683.59
SET_0041,PAY_0041,2026-08-05,88068.3,1797.31
SET_0042,PAY_0042,2026-08-04,91606.71,1869.52
SET_0043,PAY_0043,2026-08-09,27683.36,564.97
SET_0044,PAY_0044,2026-08-09,19648.38,400.99
SET_0045,PAY_0045,2026-08-16,82645.0,1686.2
SET_0046,PAY_0046,2026-08-05,91228.66,1861.81
SET_0047,PAY_0047,2026-08-05,69355.15,1415.41
SET_0048,PAY_0048,2026-08-20,109210.08,2228.78
SET_0049,PAY_0049,2026-08-22,32460.94,662.47
SET_0050,PAY_0050,2026-08-20,91760.75,1872.67
SET_0051,PAY_0051,2026-08-13,13357.45,272.6
SET_0052,PAY_0052,2026-08-15,96121.63,1961.67
SET_0054,PAY_0054,2026-08-15,25132.05,512.9
SET_0055,PAY_0055,2026-08-21,94569.16,1929.98
SET_0056,PAY_0056,2026-08-16,53633.34,1094.56
SET_0057,PAY_0057,2026-08-12,99349.51,2027.54
SET_0058,PAY_0058,2026-08-16,32572.36,664.74
SET_0059,PAY_0059,2026-08-12,8934.92,182.35
SET_0060,PAY_0060,2026-08-21,29085.07,593.57
SET_0061,PAY_0061,2026-08-10,66840.1,1364.08
SET_0062,PAY_0062,2026-08-10,32296.89,659.12
SET_0063,PAY_0063,2026-08-17,76739.61,1566.11
SET_0064,PAY_0064,2026-08-02,16004.65,326.63
SET_0065,PAY_0065,2026-08-09,39421.18,804.51
SET_0066,PAY_0066,2026-08-17,66585.43,1358.89
SET_0067,PAY_0067,2026-08-19,42122.07,859.63
SET_0068,PAY_0068,2026-08-11,33400.7,681.65
SET_0069,PAY_0069,2026-08-15,18916.05,386.04
SET_0070,PAY_0070,2026-08-17,36157.69,737.91
SET_0071,PAY_0071,2026-08-05,97252.88,1984.75
SET_0072,PAY_0072,2026-08-13,25495.09,520.31
SET_0073,PAY_0073,2026-08-10,10782.26,220.05
SET_0074,PAY_0074,2026-08-08,75857.09,1548.1
SET_0075,PAY_0075,2026-08-11,57285.880000000005,1170.39
SET_0076,PAY_0076,2026-08-03,33583.189999999995,684.06
SET_0077,PAY_0077,2026-08-14,59804.29,1220.5
SET_0078,PAY_0078,2026-08-08,22172.55,452.5
SET_0079,PAY_0079,2026-08-05,67090.79,1369.2
SET_0080,PAY_0080,2026-08-18,47569.56,970.81
SET_0081,PAY_0081,2026-08-20,114544.85,2337.65
SET_0082,PAY_0082,2026-08-21,111257.63,2270.56
SET_0084,PAY_0084,2026-08-09,24876.81,507.69
SET_0085,PAY_0085,2026-08-02,50619.17,1033.9
SET_0087,PAY_0087,2026-08-09,81296.73,1659.12
SET_0088,PAY_0088,2026-08-19,30479.12,622.02
SET_0090,PAY_0090,2026-08-21,88061.0,1797.16
SET_0091,PAY_0091,2026-08-16,19443.25,396.8
SET_0092,PAY_0092,2026-08-10,60762.87,1240.06
SET_0093,PAY_0093,2026-08-04,71481.11,1458.8
SET_0094,PAY_0094,2026-08-21,33286.92,679.32
SET_0095,PAY_0095,2026-08-20,70282.15,1434.33
SET_0096,PAY_0096,2026-08-20,10201.77,208.2
SET_0097,PAY_0097,2026-08-18,77355.53,1578.68
SET_0098,PAY_0098,2026-08-20,53661.45,1095.25
SET_0099,PAY_0099,2026-08-15,42364.549999999996,865.28
SET_0100,PAY_0100,2026-08-17,37445.03,764.18
SET_0101,PAY_0101,2026-08-16,15456.07,315.43
SET_0102,PAY_0102,2026-08-11,112364.56,2293.15
SET_0103,PAY_0103,2026-08-15,11736.75,239.53
SET_0104,PAY_0104,2026-08-24,88883.33,1813.95
SET_0105,PAY_0105,2026-08-19,20174.86,411.73
SET_0106,PAY_0106,2026-08-17,19121.63,390.24
SET_0107,PAY_0107,2026-08-07,39920.39,814.7
SET_0108,PAY_0108,2026-08-04,30556.57,621.78
SET_0109,PAY_0109,2026-08-22,97199.59,1983.66
SET_0110,PAY_0110,2026-08-18,83277.11,1699.53
SET_0111,PAY_0111,2026-08-17,32557.8,664.44
SET_0112,PAY_0112,2026-08-14,26794.890000000003,545.35
SET_0113,PAY_0113,2026-08-10,90666.55,1850.34
SET_0114,PAY_0114,2026-08-18,35133.05,717.0
SET_0115,PAY_0115,2026-08-14,97785.43,1995.62
SET_0116,PAY_0116,2026-08-19,-58990.78,-1203.89
SET_0118,PAY_0118,2026-08-20,47854.41,976.62
SET_0119,PAY_0119,2026-08-12,87593.82,1787.63
SET_0120,PAY_0120,2026-08-22,113532.72,2316.99
SET_0121,PAY_0121,2026-08-06,60962.7,1244.14
SET_0122,PAY_0122,2026-08-05,101818.82,2077.93
SET_0123,PAY_0123,2026-08-18,-105801.3,-2159.21
SET_0124,PAY_0124,2026-08-15,101460.95,2070.63
SET_0125,PAY_0125,2026-08-17,91638.8,1870.18
SET_0126,PAY_0126,2026-08-21,81951.62,1671.04
SET_0127,PAY_0127,2026-08-19,47529.07,969.98
SET_0128,PAY_0128,2026-08-19,9725.79,198.49
SET_0129,PAY_0129,2026-08-22,80968.77,1652.42
SET_0130,PAY_0130,2026-08-04,53457.24,1090.96
SET_0131,PAY_0131,2026-08-16,24058.5,490.99
SET_0132,PAY_0132,2026-08-03,41417.15,845.25
SET_0133,PAY_0133,2026-08-13,46961.29,958.39
SET_0134,PAY_0134,2026-08-18,-51049.19,-1041.82
SET_0135,PAY_0135,2026-08-07,14457.3,295.05
SET_0136,PAY_0136,2026-08-17,106063.58,2164.56
SET_0137,PAY_0137,2026-08-16,75860.93,1548.18
SET_0138,PAY_0138,2026-08-02,104534.3,2133.35
SET_0139,PAY_0139,2026-08-25,23136.88,472.18
SET_0140,PAY_0140,2026-08-22,111468.59,2274.87
SET_0141,PAY_0141,2026-08-11,27667.58,564.64
SET_0143,PAY_0143,2026-08-20,38285.95,781.35
SET_0144,PAY_0144,2026-08-14,35935.87,733.39
SET_0145,PAY_0145,2026-08-21,87645.11,1788.68
SET_0146,PAY_0146,2026-08-21,93880.65,1915.93
SET_0147,PAY_0147,2026-08-21,33396.04,679.91
SET_0148,PAY_0148,2026-08-22,10112.88,206.39
SET_0149,PAY_0149,2026-08-20,45864.93,936.02
SET_0150,PAY_0150,2026-08-11,41674.72,850.5
SET_0151,PAY_0151,2026-08-08,20300.81,414.3
SET_0152,PAY_0152,2026-08-18,60908.17,1243.02
SET_0154,PAY_0154,2026-08-12,94133.38,1921.09
SET_0155,PAY_0155,2026-08-12,88631.57,1808.81
SET_0156,PAY_0156,2026-08-04,92644.74,1890.71
SET_0157,PAY_0157,2026-08-19,19359.21,395.09
SET_0158,PAY_0158,2026-08-20,47640.7,972.26
SET_0160,PAY_0160,2026-08-21,30100.95,614.31
SET_0161,PAY_0161,2026-08-11,77106.15,1573.59
SET_0162,PAY_0162,2026-08-03,109736.4,2239.52
SET_0163,PAY_0163,2026-08-05,16459.32,335.9
SET_0164,PAY_0164,2026-08-14,55618.4,1135.07
SET_0165,PAY_0165,2026-08-22,87326.19,1782.17
SET_0166,PAY_0166,2026-08-21,50616.79,1033.0
SET_0167,PAY_0167,2026-08-13,29650.81,605.12
SET_0168,PAY_0168,2026-08-13,16696.9,340.75
SET_0169,PAY_0169,2026-08-03,49610.630000000005,1010.63
SET_0170,PAY_0170,2026-08-16,15763.19,323.53
SET_0171,PAY_0171,2026-08-12,32540.0,664.08
SET_0172,PAY_0172,2026-08-04,96944.12,1978.45
SET_0173,PAY_0173,2026-08-20,29560.86,602.16
SET_0174,PAY_0174,2026-08-21,6093.51,124.36
SET_0175,PAY_0175,2026-08-19,33318.37,679.97
SET_0176,PAY_0176,2026-08-02,20261.65,413.5
SET_0177,PAY_0177,2026-08-20,41350.88,843.9
SET_0178,PAY_0178,2026-08-03,19707.44,402.19
SET_0179,PAY_0179,2026-08-04,58091.840000000004,1185.74
SET_0180,PAY_0180,2026-08-09,109643.48,2237.62
SET_0181,PAY_0181,2026-08-16,76458.11,1560.37
SET_0182,PAY_0182,2026-08-17,98864.52,2017.64
SET_0183,PAY_0183,2026-08-17,84044.98,1715.2
SET_0184,PAY_0184,2026-08-04,41168.56,840.17
SET_0185,PAY_0185,2026-08-06,35970.88,734.59
SET_0186,PAY_0186,2026-08-21,64067.91,1307.51
SET_0187,PAY_0187,2026-08-05,92909.95,1896.12
SET_0188,PAY_0188,2026-08-15,55388.92,1130.39
SET_0189,PAY_0189,2026-08-12,96680.63,1973.07
SET_0190,PAY_0190,2026-08-05,40117.94,818.73
SET_0191,PAY_0191,2026-08-15,110541.77,2255.95
SET_0192,PAY_0192,2026-08-04,53227.09,1086.27
SET_0193,PAY_0193,2026-08-19,12371.38,252.48
SET_0194,PAY_0194,2026-08-05,50912.62,1039.03
SET_0195,PAY_0195,2026-08-11,71741.85,1464.12
SET_0196,PAY_0196,2026-08-20,61525.32,1255.62
SET_0197,PAY_0197,2026-08-09,98861.92,2017.59
SET_0198,PAY_0198,2026-08-05,89560.34,1827.76
SET_0199,PAY_0199,2026-08-15,98629.05,2012.84
SET_0200,PAY_0200,2026-08-21,107785.42,2201.01
SET_0201,PAY_0201,2026-08-11,107020.26,2184.09
SET_0202,PAY_0202,2026-08-07,101343.38,2068.23
SET_0203,PAY_0203,2026-08-10,21368.07,436.08
SET_0204,PAY_0204,2026-08-14,-51903.97,-1059.26
SET_0205,PAY_0205,2026-08-13,40017.86,816.69
SET_0206,PAY_0206,2026-08-03,-22873.7,-466.81
SET_0207,PAY_0207,2026-08-04,35674.68,728.05
SET_0208,PAY_0208,2026-08-21,54344.1,1109.06
SET_0209,PAY_0209,2026-08-18,18285.76,373.18
SET_0210,PAY_0210,2026-08-11,80289.67,1638.56
SET_0211,PAY_0211,2026-08-23,79071.85,1613.71
SET_0212,PAY_0212,2026-08-03,6679.96,135.23
SET_0214,PAY_0214,2026-08-17,87847.47,1792.81
SET_0215,PAY_0215,2026-08-14,-64290.43,-1312.05
SET_0216,PAY_0216,2026-08-06,49403.45,1008.23
SET_0217,PAY_0217,2026-08-04,100491.68,2050.85
SET_0220,PAY_0220,2026-08-21,56327.33,1149.54
SET_0221,PAY_0221,2026-08-15,98555.36,2011.33
SET_0222,PAY_0222,2026-08-20,49774.61,1015.81
SET_0223,PAY_0223,2026-08-11,87714.63,1790.09
SET_0224,PAY_0224,2026-08-11,14172.89,289.24
SET_0225,PAY_0225,2026-08-22,95320.34,1945.31
SET_0226,PAY_0226,2026-08-06,-33902.16,-691.88
SET_0227,PAY_0227,2026-08-22,14060.16,286.94
SET_0228,PAY_0228,2026-08-20,89260.59,1821.64
SET_0229,PAY_0229,2026-08-22,40512.38,826.78
SET_0230,PAY_0230,2026-08-17,54362.1,1109.43
SET_0231,PAY_0231,2026-08-20,11952.95,243.94
SET_0232,PAY_0232,2026-08-11,56481.86,1153.23
SET_0233,PAY_0233,2026-08-11,14211.52,290.03
SET_0234,PAY_0234,2026-08-16,69617.63,1419.1
SET_0235,PAY_0235,2026-08-20,77391.56,1579.42
SET_0236,PAY_0236,2026-08-20,22355.29,456.23
SET_0237,PAY_0237,2026-08-04,61210.75,1249.2
SET_0238,PAY_0238,2026-08-09,83519.9,1704.49
SET_0239,PAY_0239,2026-08-13,46742.78,953.93
SET_0240,PAY_0240,2026-08-15,90863.15,1854.35
SET_0241,PAY_0241,2026-08-22,76812.56999999999,1569.26
SET_0242,PAY_0242,2026-08-14,36997.81,755.06
SET_0243,PAY_0243,2026-08-12,14735.64,300.73
SET_0244,PAY_0244,2026-08-11,112091.2,2287.58
SET_0245,PAY_0245,2026-08-21,83653.08,1707.21
SET_0246,PAY_0246,2026-08-19,47163.24,962.51
SET_0247,PAY_0247,2026-08-18,16048.56,327.52
SET_0248,PAY_0248,2026-08-02,45616.26,930.94
SET_0249,PAY_0249,2026-08-12,109890.95,2242.67
SET_0250,PAY_0250,2026-08-09,115637.43,2359.95
SET_0251,PAY_0251,2026-08-11,98549.22,2011.21
SET_0252,PAY_0252,2026-08-12,102080.20999999999,2082.87
SET_0253,PAY_0253,2026-08-06,-23606.16,-481.76
SET_0254,PAY_0254,2026-08-16,-10581.96,-215.96
SET_0255,PAY_0255,2026-08-16,72860.8,1486.95
SET_0256,PAY_0256,2026-08-19,32056.57,654.22
SET_0257,PAY_0257,2026-08-13,80299.44,1638.76
SET_0259,PAY_0259,2026-08-07,95524.04,1949.47
SET_0260,PAY_0260,2026-08-10,11514.36,234.99
SET_0261,PAY_0261,2026-08-19,108421.62,2212.69
SET_0262,PAY_0262,2026-08-16,14996.36,306.05
SET_0263,PAY_0263,2026-08-06,97079.13,1981.21
SET_0264,PAY_0264,2026-08-16,102965.66,2101.34
SET_0265,PAY_0265,2026-08-03,49335.64,1006.85
SET_0266,PAY_0266,2026-08-14,114944.2,2347.73
SET_0267,PAY_0267,2026-08-05,97972.23,1999.43
SET_0268,PAY_0268,2026-08-11,9989.9,203.88
SET_0269,PAY_0269,2026-08-25,6358.88,129.77
SET_0270,PAY_0270,2026-08-06,66072.53,1348.42
SET_0271,PAY_0271,2026-08-05,91050.77,1858.18
SET_0272,PAY_0272,2026-08-07,11027.67,225.05
SET_0273,PAY_0273,2026-08-17,71338.56,1455.89
SET_0274,PAY_0274,2026-08-09,37780.56,771.03
SET_0275,PAY_0275,2026-08-15,26359.93,537.96
SET_0276,PAY_0276,2026-08-04,110521.02,2255.53
SET_0277,PAY_0277,2026-08-14,101724.45,2076.01
SET_0278,PAY_0278,2026-08-13,33647.51,686.68
SET_0279,PAY_0279,2026-08-04,43661.31,891.05
SET_0280,PAY_0280,2026-08-09,10652.63,217.4
SET_0281,PAY_0281,2026-08-16,113532.83,2317.0
SET_0282,PAY_0282,2026-08-06,12714.1,259.47
SET_0283,PAY_0283,2026-08-11,27928.38,569.97
SET_0284,PAY_0284,2026-08-18,108320.26,2210.62
SET_0285,PAY_0285,2026-08-14,9805.08,200.1
SET_0286,PAY_0286,2026-08-27,42246.58,862.18
SET_0287,PAY_0287,2026-08-19,104065.08,2123.78
SET_0288,PAY_0288,2026-08-17,46138.0,941.59
SET_0289,PAY_0289,2026-08-04,85657.7,1748.12
SET_0290,PAY_0290,2026-08-21,115101.5,2349.01
SET_0291,PAY_0291,2026-08-12,17053.2,348.02
SET_0292,PAY_0292,2026-08-11,54769.42,1117.74
SET_0293,PAY_0293,2026-08-16,44402.24,906.17
SET_0294,PAY_0294,2026-08-21,115351.84999999999,2355.85
SET_0295,PAY_0295,2026-08-22,50407.44,1028.72
SET_0296,PAY_0296,2026-08-02,21467.47,438.11
SET_0297,PAY_0297,2026-08-03,19621.8,401.01
SET_0298,PAY_0298,2026-08-24,9339.79,190.61
SET_0299,PAY_0299,2026-08-16,89612.92,1828.84
SET_0300,PAY_0300,2026-08-18,46094.39,940.7
SET_0301,PAY_0301,2026-08-09,111302.8,2271.49
SET_0302,PAY_0302,2026-08-17,62660.46,1278.78
SET_0303,PAY_0303,2026-08-16,90918.05,1855.47
SET_0304,PAY_0304,2026-08-22,27773.19,566.8
SET_0305,PAY_0305,2026-08-16,115339.26,2353.86
SET_0306,PAY_0306,2026-08-04,66203.59,1351.09
SET_0307,PAY_0307,2026-08-07,83979.91,1713.88
SET_0308,PAY_0308,2026-08-18,30416.73,620.75
SET_0309,PAY_0309,2026-08-09,92610.8,1890.02
SET_0310,PAY_0310,2026-08-19,68651.24,1401.05
SET_0311,PAY_0311,2026-08-21,102923.54,2100.48
SET_0312,PAY_0312,2026-08-14,115595.52,2359.09
SET_0313,PAY_0313,2026-08-15,96232.41,1963.93
SET_0314,PAY_0314,2026-08-18,76348.04,1558.12
SET_0315,PAY_0315,2026-08-06,102232.94,2086.39
SET_0316,PAY_0316,2026-08-06,53312.200000000004,1087.93
SET_0317,PAY_0317,2026-08-11,23870.9,487.16
SET_0318,PAY_0318,2026-08-13,109870.6,2242.26
SET_0319,PAY_0319,2026-08-04,33312.99,679.86
SET_0320,PAY_0320,2026-08-06,74445.7,1519.3
SET_0321,PAY_0321,2026-08-18,76199.61,1555.09
SET_0322,PAY_0322,2026-08-07,78149.07,1594.88
SET_0324,PAY_0324,2026-08-03,109987.46,2244.64
SET_0325,PAY_0325,2026-08-22,28940.99,590.63
SET_0326,PAY_0326,2026-08-21,75980.29,1550.62
SET_0327,PAY_0327,2026-08-22,110877.68,2262.81
SET_0329,PAY_0329,2026-08-07,-54076.17,-1103.6
SET_0330,PAY_0330,2026-08-08,43154.87,880.71
SET_0331,PAY_0331,2026-08-15,86439.72,1764.08
SET_0332,PAY_0332,2026-08-18,67477.18,1377.22
SET_0334,PAY_0334,2026-08-03,37664.11,768.66
SET_0335,PAY_0335,2026-08-09,111540.75,2276.34
SET_0336,PAY_0336,2026-08-20,85003.73,1734.77
SET_0337,PAY_0337,2026-08-17,115197.21,2350.96
SET_0338,PAY_0338,2026-08-11,60422.11,1233.1
SET_0339,PAY_0339,2026-08-18,56012.44,1143.11
SET_0340,PAY_0340,2026-08-20,44549.33,909.19
SET_0341,PAY_0341,2026-08-22,79663.77,1625.79
SET_0342,PAY_0342,2026-08-05,53122.87,1084.14
SET_0343,PAY_0343,2026-08-14,45983.15,938.43
SET_0344,PAY_0344,2026-08-20,67502.08,1377.59
SET_0345,PAY_0345,2026-08-04,-48225.52,-984.19
SET_0346,PAY_0346,2026-08-21,80529.24,1643.45
SET_0348,PAY_0348,2026-08-06,27650.1,564.29
SET_0349,PAY_0349,2026-08-18,10204.33,208.25
SET_0350,PAY_0350,2026-08-12,94104.09,1920.49
SET_0351,PAY_0351,2026-08-06,72384.57,1477.24
SET_0352,PAY_0352,2026-08-12,108100.31,2206.13
SET_0353,PAY_0353,2026-08-14,114609.07,2338.96
SET_0354,PAY_0354,2026-08-18,96776.22,1975.02
SET_0355,PAY_0355,2026-08-20,38682.64,790.13
SET_0357,PAY_0357,2026-08-22,8709.41,177.74
SET_0358,PAY_0358,2026-08-22,91790.27,1873.27
SET_0359,PAY_0359,2026-08-03,69886.7,1426.26
SET_0360,PAY_0360,2026-08-06,96048.07,1960.16
SET_0361,PAY_0361,2026-08-20,109949.92,2243.88
SET_0362,PAY_0362,2026-08-02,54233.61,1106.81
SET_0363,PAY_0363,2026-08-15,81638.97,1666.1
SET_0364,PAY_0364,2026-08-03,83317.06,1700.35
SET_0365,PAY_0365,2026-08-19,-41491.3,-846.76
SET_0367,PAY_0367,2026-08-19,44703.26,912.31
SET_0368,PAY_0368,2026-08-08,110953.17,2264.35
SET_0369,PAY_0369,2026-08-12,109211.72,2228.81
SET_0370,PAY_0370,2026-08-17,40611.46,828.81
SET_0371,PAY_0371,2026-08-11,19170.85,391.24
SET_0372,PAY_0372,2026-08-16,95687.31,1952.8
SET_0373,PAY_0373,2026-08-09,43832.8,894.55
SET_0374,PAY_0374,2026-08-11,96739.11,1974.27
SET_0375,PAY_0375,2026-08-23,87174.8,1779.08
SET_0376,PAY_0376,2026-08-18,30573.84,623.96
SET_0377,PAY_0377,2026-08-05,51186.46,1044.62
SET_0378,PAY_0378,2026-08-06,6351.22,129.62
SET_0379,PAY_0379,2026-08-15,77507.5,1581.79
SET_0380,PAY_0380,2026-08-22,27693.84,565.18
SET_0381,PAY_0381,2026-08-11,76739.05,1566.1
SET_0382,PAY_0382,2026-08-19,-86932.62,-1774.14
SET_0383,PAY_0383,2026-08-15,102703.67,2095.99
SET_0384,PAY_0384,2026-08-14,92345.78,1884.61
SET_0385,PAY_0385,2026-08-03,6800.07,138.78
SET_0386,PAY_0386,2026-08-15,37043.37,755.99
SET_0387,PAY_0387,2026-08-16,35755.33,729.7
SET_0388,PAY_0388,2026-08-07,86101.3,1757.17
SET_0389,PAY_0389,2026-08-05,86705.37,1769.5
SET_0390,PAY_0390,2026-08-22,-104329.32,-2129.17
SET_0391,PAY_0391,2026-08-04,49816.74,1016.67
SET_0392,PAY_0392,2026-08-06,58234.16,1188.45
SET_0393,PAY_0393,2026-08-10,47920.72,977.97
SET_0394,PAY_0394,2026-08-12,38905.47,794.96
SET_0395,PAY_0395,2026-08-13,-81888.17,-1671.19
SET_0397,PAY_0397,2026-08-05,75949.55,1549.99
SET_0398,PAY_0398,2026-08-21,30044.06,613.14
SET_0399,PAY_0399,2026-08-06,55748.21,1138.06
SET_0400,PAY_0400,2026-08-19,106060.04,2164.49
SET_0401,PAY_0401,2026-08-09,80523.0,1643.33
SET_0402,PAY_0402,2026-08-24,54860.84,1119.61
SET_0403,PAY_0403,2026-08-09,96829.47,1976.11
SET_0404,PAY_0404,2026-08-06,23857.73,486.89
SET_0405,PAY_0405,2026-08-05,80517.88,1643.22
SET_0406,PAY_0406,2026-08-09,104532.19,2133.31
SET_0407,PAY_0407,2026-08-18,51419.71,1049.38
SET_0408,PAY_0408,2026-08-19,56577.96,1154.65
SET_0409,PAY_0409,2026-08-14,33736.17,688.49
SET_0410,PAY_0410,2026-08-20,13804.87,281.73
SET_0411,PAY_0411,2026-08-04,65233.14,1331.29
SET_0412,PAY_0412,2026-08-20,9268.33,189.15
SET_0413,PAY_0413,2026-08-22,111661.22,2278.8
SET_0414,PAY_0414,2026-08-16,101316.75,2067.69
SET_0416,PAY_0416,2026-08-22,100291.37,2046.76
SET_0417,PAY_0417,2026-08-19,48962.63,999.24
SET_0419,PAY_0419,2026-08-19,52375.86,1068.89
SET_0420,PAY_0420,2026-08-09,56323.07,1150.72
SET_0421,PAY_0421,2026-08-05,9321.33,190.23
SET_0422,PAY_0422,2026-08-14,28421.71,580.03
SET_0423,PAY_0423,2026-08-03,32668.0,666.69
SET_0424,PAY_0424,2026-08-16,31526.04,643.39
SET_0425,PAY_0425,2026-08-12,61139.0,1247.73
SET_0426,PAY_0426,2026-08-20,71468.04,1458.53
SET_0427,PAY_0427,2026-08-11,102045.99,2082.57
SET_0428,PAY_0428,2026-08-15,38794.44,791.72
SET_0429,PAY_0429,2026-08-22,80348.13,1639.76
SET_0430,PAY_0430,2026-08-03,112595.86,2297.87
SET_0431,PAY_0431,2026-08-15,50569.31,1033.32
SET_0432,PAY_0432,2026-08-19,57801.83,1179.63
SET_0433,PAY_0433,2026-08-06,94302.96,1924.55
SET_0434,PAY_0434,2026-08-15,67004.4,1367.44
SET_0435,PAY_0435,2026-08-09,33795.32,689.7
SET_0436,PAY_0436,2026-08-16,98846.38,2017.27
SET_0437,PAY_0437,2026-08-03,35274.65,719.89
SET_0438,PAY_0438,2026-08-04,26453.24,539.86
SET_0439,PAY_0439,2026-08-19,28730.13,586.33
SET_0440,PAY_0440,2026-08-08,111473.92,2274.98
SET_0441,PAY_0441,2026-08-09,82285.15,1677.59
SET_0442,PAY_0442,2026-08-19,41113.99,839.06
SET_0443,PAY_0443,2026-08-16,64407.74,1314.44
SET_0444,PAY_0444,2026-08-10,45291.84,924.32
SET_0446,PAY_0446,2026-08-08,46506.9,949.12
SET_0447,PAY_0447,2026-08-20,100708.63,2055.28
SET_0448,PAY_0448,2026-08-10,66567.71,1358.52
SET_0449,PAY_0449,2026-08-11,-22525.6,-459.71
SET_0450,PAY_0450,2026-08-14,-68377.93,-1395.47
SET_0451,PAY_0451,2026-08-19,77695.93,1585.63
SET_0452,PAY_0452,2026-08-17,111894.31999999999,2284.91
SET_0453,PAY_0453,2026-08-13,24377.19,497.49
SET_0454,PAY_0454,2026-08-07,106510.73,2173.69
SET_0455,PAY_0455,2026-08-18,9497.82,193.83
SET_0456,PAY_0456,2026-08-02,51086.59,1042.58
SET_0457,PAY_0457,2026-08-06,-6786.26,-138.5
SET_0458,PAY_0458,2026-08-18,12422.93,253.53
SET_0459,PAY_0459,2026-08-02,64249.8,1311.22
SET_0460,PAY_0460,2026-08-02,63846.2,1304.95
SET_0461,PAY_0461,2026-08-15,94429.58,1925.43
SET_0462,PAY_0462,2026-08-18,22139.58,451.83
SET_0464,PAY_0464,2026-08-13,111266.58,2268.75
SET_0465,PAY_0465,2026-08-09,38736.62,790.54
SET_0466,PAY_0466,2026-08-04,50305.07,1026.63
SET_0467,PAY_0467,2026-08-03,75733.87,1545.59
SET_0468,PAY_0468,2026-08-17,98648.24,2013.23
SET_0469,PAY_0469,2026-08-18,106758.22,2178.74
SET_0470,PAY_0470,2026-08-20,-58019.52,-1184.07
SET_0471,PAY_0471,2026-08-13,104578.58,2134.26
SET_0472,PAY_0472,2026-08-07,111407.08,2273.61
SET_0473,PAY_0473,2026-08-17,23628.46,482.21
SET_0474,PAY_0474,2026-08-14,88791.72,1812.08
SET_0475,PAY_0475,2026-08-18,87676.37,1789.31
SET_0476,PAY_0476,2026-08-05,53799.64,1097.95
SET_0477,PAY_0477,2026-08-21,90263.43,1842.11
SET_0478,PAY_0478,2026-08-12,9036.62,184.42
SET_0479,PAY_0479,2026-08-17,30844.83,629.49
SET_0480,PAY_0480,2026-08-15,26186.8,534.42
SET_0481,PAY_0481,2026-08-04,90610.76,1849.2
SET_0482,PAY_0482,2026-08-04,14794.53,301.93
SET_0483,PAY_0483,2026-08-22,22730.54,463.89
SET_0484,PAY_0484,2026-08-13,17487.47,356.89
SET_0485,PAY_0485,2026-08-16,45321.81,924.94
SET_0486,PAY_0486,2026-08-06,15372.3,313.72
SET_0487,PAY_0487,2026-08-19,66724.62,1361.73
SET_0488,PAY_0488,2026-08-02,15627.34,318.93
SET_0489,PAY_0489,2026-08-21,-71481.9,-1458.81
SET_0490,PAY_0490,2026-08-08,37843.77,772.32
SET_0491,PAY_0491,2026-08-20,63029.5,1286.32
SET_0492,PAY_0492,2026-08-09,35324.89,720.92
SET_0493,PAY_0493,2026-08-07,53534.68,1092.54
SET_0494,PAY_0494,2026-08-17,91764.19,1872.74
SET_0495,PAY_0495,2026-08-09,84978.57,1734.26
SET_0496,PAY_0496,2026-08-16,17533.77,357.83
SET_0497,PAY_0497,2026-08-18,42278.73,862.83
SET_0498,PAY_0498,2026-08-12,53088.64,1083.44
SET_0499,PAY_0499,2026-08-11,41009.63,836.93
SET_0500,PAY_0500,2026-08-16,25296.88,516.26
